judul,kategori,isi,link
Siapa Charlie Kirk Influencer Loyalis Trump yang Tewas Ditembak?,internasional,"Influencer (pemengaruh) Amerika Serikat sekaligus loyalis PresidenDonald Trump,Charlie Kirk, tewas ditembak saat sedang menjadi pembicara di Universitas Utah Valley, Rabu (10/9). Dari video yang beredar, dia tampak sedang berada di suatu acara di bawah tenda besar. Lalu tiba-tiba terdengar suara tembakan dan Kirk tampak tersungkur. Orang-orang berteriak dan berlarian menyaksikan insiden tersebut. Pihak Universitas Valley membenarkan ada penembakan di kampusnya sekitar pukul 12.10 waktu setempat. ADVERTISEMENT SCROLL TO CONTINUE WITH CONTENT ""Sebuah tembakan ditargetkan ke pembicara tamu, Charlie Kirk. Dia tertembak dan telah dibawa dari lokasi oleh tenaga keamanannya. Polisi kampus masih menginvestigasi terduga pelaku yang sudah diamankan,"" demikian pernyataan kampus itu.  Kirk merupakan aktivis politik sayap kanan dan co-founder organisasi yang menyebarkan paham konservatif di seluruh Amerika Serikat, Turning Point USA (TPUSA). Misi organisasi nirlaba ini adalah mengorganisir mahasiswa untuk mempromosikan prinsip-prinsip tanggung jawab fiskal, pasar bebas, dan pemerintahan terbatas. TPUSA kini memiliki cabang di lebih dari 850 perguruan tinggi, TPUSA memainkan peran kunci dalam pemilihan umum tahun lalu, demikian menurut BBC. Mereka berhasil mempengaruhi pemilih baru untuk memilih Trump dan membalikkan situasi di Arizona. Wilayah tersebut biasanya didominasi pendukung Demokrat. CNNmelaporkan Kirk begitu memahami denyut nadi gerakan konservatif muda dan basis pendukung Make America Great Again (MAGA).  Dia bahkan pernah menulis buku The MAGA Doctrine pada 2020, yang merujuk pada kampanye Trump di pemilihan umum AS sebelumnya. Kirk juga jadi salah satu pendukung/loyalis Trump. Politikus Republik ini bahkan menyampaikan duka cita dan mengunggahnya di akun media sosial resmi. ""Charlie Kirk yang luar biasa, legendaris, telah meninggal. Tidak ada seorangpun yang memahami atau memiliki Hati Pemuda di Amerika Serikat yang lebih baik dibandingkan Charlie,"" kata Trump. Trump juga pernah menyampaikan terima kasih secara khusus untuk Kirk. Pernyataan ini lalu diunggah di podcast dia. Kirk menghadiri pelantikan Trump pada Januari lalu, dan sudah jadi pengunjung tetap di Gedung Putih selama dua masa jabatan Trump.  Beberapa pandangan Kirk dianggap kontroversial. Ia menyebarkan pandangan anti-transgender dan skeptisisme terhadap pandemi Covid-19, menyebar klaim palsu bahwa hasil pemilu 2020 dicuri, dan menyoroti teori konspirasi soal mengganti orang kulit putih dengan kaum minoritas atau Great Replacement. Kirk merupakan anak dari arsitek dan tumbuh besar di kawasan kota pinggiran kota Chicago. Ia sempat mengenyam pendidikan di kota tersebut sebelum jadi aktivis politik sayap kanan.",https://www.cnnindonesia.com/internasional/20250911082830-134-1272411/siapa-charlie-kirk-influencer-loyalis-trump-yang-tewas-ditembak
"VIDEO: Gambaran Dahsyatnya Banjir Bali, Sekarang Mulai Surut",tv,"Kamis dini hari, banjir yang melanda sebagian wilayah di Bali mulai surut. Di Pasar Badung, genangan air yang sebelumnya mencapai ketinggian lebih dari lima meter kini berangsur turun seiring dengan normalnya debit sungai.Polri bersama TNI dan BPBD serta instansi terkait terus berupaya mengevakuasi korban banjir di Bali. Tak hanya itu, Polri juga menyiapkan program trauma healing bagi para pengungsi, terutama anak-anak dan keluarga korban.",https://www.cnnindonesia.com/tv/20250911085242-400-1272415/video-gambaran-dahsyatnya-banjir-bali-sekarang-mulai-surut
Militer Nepal Batasi Aktivitas Pascademo Gulingkan Rezim Pemerintahan,internasional,"Militer Nepalmengambil kembali kendali atas Kathmandu setelah aksi demonstrasi besar-besaran yang membuat rezim pemerintahan di negara tersebut pekan ini. Bukan hanya itu, mengutip dariAFP,militer pun memberlakukan pembatasan aktivitas pascademo yang berujung kerusuhan maut tersebut. Tentara Nepal memberlakukan jam malam dan memulai pembicaraan dengan para pemimpin demonstran. Pasukan tentara terlihat berpatroli di jalan-jalan ibu kota Nepal itu. Mobil-mobil lapis baja tentara dilaporkan bergemuruh melewati bangkai-bangkai kendaraan dan bangunan yang terbakar di kawasan tersebut. ADVERTISEMENT SCROLL TO CONTINUE WITH CONTENT Sementara itu, aparat menggunakan pengeras suara menyerukan ketenangan di tengah kekosongan politik setelah demonstran berhasil menggulingkan pemerintahan Perdana Menteri KP Sharma Oli. ""Perintah larangan beraktivitas di ruang publik akan berlaku hingga pukul 17.00 waktu setempat hari ini, setelah itu akan diberlakukan jam malam di seluruh negeri mulai pukul 06.00 pada Kamis,"" demikian pernyataan Tentara Nepal yang dikutip dariThe Himalayan Times.  Panglima militer Nepal, Jenderal Ashok Raj Sigdel mengadakan konsultasi dengan para pemangku kepentingan terkait, termasuk dengan perwakilan Gen Z yang menjadi motor demonstrasi sejak awal pekan ini. Namun, saat berita ini disadur dariAFP, belum ada rincian lebih lanjut. Dalam pidatonya Selasa malam, Kepala Staf Angkatan Darat Jenderal Ashok Raj Sigdel menyerukan masyarakat untuk tetap tenang dan membuka ruang dialog guna menyelesaikan krisis di negara pegunungan Himalaya itu. Di satu sisi, eks Ketua Mahkamah Agung (MA) Nepal, Shushila Karki (73) disebut-sebut akan menjadi perdana menteri sementara (interim). Sebelumnya, demonstrasi besar pecah di Nepal, terutama di ibu kota Kathmandu. Disebut-sebut identik dengan demo bergelombang di Indonesia sebelumnya, para demonstran yang dimotori Gen Z Nepal memprotes pemerintahan Sharma Oli dan perwakilan rakyat di DPR. Demo itu kemudian menjadi kacau ketika terjadi aksi pembakaran sejumlah gedung pemerintahan penting,  gedung parlemen, kediaman pribadi Oli, dan kantor presiden.  Kompleks pemerintahan Singha Durbar yang menjadi pusat kantor kementerian di Nepal juga mengalami kerusakan parah. Kementerian Kesehatan dan Kependudukan, bersama kantor pemerintahan lain termasuk Mahkamah Agung, dilaporkan hancur total. Selain itu, setidaknya ada 20 demonstran tewas, sebagian besar kalangan muda, tewas dan hampir 350 orang lainnya terluka sejak Senin (8/9) ketika aksi unjuk rasa pecah  setelah pemerintah melarang penggunaan media sosial. ",https://www.cnnindonesia.com/internasional/20250911000640-113-1272346/militer-nepal-batasi-aktivitas-pascademo-gulingkan-rezim-pemerintahan
Bali Tanggap Darurat Bencana Banjir Satu Pekan,nasional,"Kepala Badan Nasional Penanggulangan Bencana (BNPB) Letjen TNI Suharyanto mengatakanPemerintah Provinsi Balitelah menetapkan Tanggap Darurat Bencana selama satu minggu atau satu pekan usai dilanda banjir di sejumlah titik, Rabu (10/9). ""Betul. Jadi Bapak Gubernur malam ini sudah keluarkan dan tanda tangan. Tadi diskusi, semula tanggap darurat bencana itu akan ditetapkan dua Minggu. Tapi karena sifat bencananya ternyata tidak terlalu besar, maka akan diralat cukup menjadi satu minggu,"" kata Suharyanto usai mengikuti Rapat Koordinasi Banjir Provinsi Bali yang digelar di Kerta Sabha, Rumah Dinas Gubernur Bali, Denpasar, Rabu malam. ""Sehingga, nanti langsung kita melakukan langkah-langkah untuk perbaikan, rehabilitasi, rekonstruksi pascabencana,"" imbuhnya. ADVERTISEMENT SCROLL TO CONTINUE WITH CONTENT Suharyanto lantas mengimbau masyarakat tak perlu panik dengan status tanggap darurat bencana yang baru ditetapkan itu.   Ia mengatakan itu hanyalah sebuah tahap syarat administrasi agar pemerintah pusat bisa memberikan bantuan ke pemerintah daerah dalam menanggulangi dampak bencana. ""Jadi untuk tahap awal tadi itu, kalau di uang-kan Rp1 miliar lebih, ditambah genset ditambah pompa sekitar Rp5 miliar. Tapi itu kan akan berkembang. Yang kita bawa baru selimut, baru sembako, matras, tapi baru begitu sampai oh genset butuh, pompa butuh besok ke tempat pengungsian mungkin butuh lagi. Intinya semua kebutuhan di masyarakat terdampak kita akan lengkapi,"" jelas Suharyanto. Selain itu, untuk hari ini kebutuhan dasar masyarakat yang terdampak banjir di sejumlah wilayah Pulau Bali sudah tertangani dengan baik. ""Memang ada ratusan pengungsi tersebar di empat kabupaten dan kota. Di Denpasar, Kabupaten Jembrana, Gianyar dan Badung itu terdampak paling berat itu ada ratusan pengungsi tersebar, semuanya tertangani dengan baik,"" ujarnya. ""Tentu saja dari pemerintah pusat lewat BNPB juga sudah kita berikan bantuan baik kebutuhan dasar dari masyarakat terdampak. Kemudian juga peralatan penanggungan bencana, tadi Pak Gubernur juga minta tambahan pompa dan ganset, kita dukung dan juga untuk rumah masyarakat diganti sebagaimana bencana-bencana di tempat lainnya,"" jelasnya.  Ia juga menyebutkan, untuk rumah-rumah warga yang rusak berat terdampak banjir akan diganti pemerintah, dan yang rusak sendang dan ringan juga akan dibantu pemerintah. ""Jadi yang rusak berat diganti rumahnya oleh pemerintah, yang rusak sedang dan rusak ringan dibantu perbaikannya melalui dana yang disalurkan oleh pemerintah pusat. Artinya semua yang terjadi bencana ini kita akan lakukan semaksimal mungkin,"" jelasnya. Dia mengatakan untuk penanganan pascabanjir, sudah ada unsur gabungan TNI-Polri dan juga relawan dari Kementerian lembaga terkait dan sudah terbentuk dari TNI-Polri sendiri 4 Satuan Setingkat Kompi (SSK). ""Jadi paling tidak ada 400 sampai 600 orang yang bergerak di lapangan mulai kemarin, malam ini dan besok. Ini membantu masyarakat melaksanakan pembersihan, baik menggunakan tangan mengunakan alat peralatan ringan sampai dengan alat berat,"" ujarnya. ",https://www.cnnindonesia.com/nasional/20250819105639-20-1263953/bali-tanggap-darurat-bencana-banjir-satu-pekan
Pangeran Harry dan Raja Charles Akhirnya Bertemu Lagi,hiburan,"Pangeran Harrydan Raja Charles III akhirnya bertemu untuk pertama kalinya setelah lebih dari setahun berjarak. Pertemuan ayah dan anak tersebut berlangsung di London pada Rabu (10/9) sore waktu setempat. Menurut laporan sumber kepadaPage Six, Duke of Sussex tiba di kediaman pribadi Raja, Clarence House, pada pukul 17.20 waktu setempat untuk acara ""minum teh privat"".  ADVERTISEMENT SCROLL TO CONTINUE WITH CONTENT Mereka juga disebut mengobrol selama kurang lebih satu jam. Pertemuan itu jauh lebih lama dari pertemuan terakhir Harry saat menjenguk ayahnya terakhir kali, yakni 30 menit. Dalam sejumlah foto yang dirilis oleh Page Six, Harry yang berusia 40 tahun datang ke Clarence House dengan sebuah SUV hitam. Setelah bertemu selama 55 menit dalam acara minum teh, Pangeran Harry sempat menyapa dan menjawab singkat pertanyaan awak media yang menunggu di luar Clarence House. ""Ya, ayah dalam kondisi baik, terima kasih,"" kata Harry singkat saat menjawab soal pertemuan tersebut, seperti diberitakanDaily Mailpada Rabu (10/9).    Pertemuan itu jadi yang pertama kalinya sejak Februari 2024 setelah Raja Charles yang kini berusia 76 tahun mengumumkan tengah menjalani perawatan kanker. Keberadaan Harry di Inggris tersebut adalah untuk mendatangi sejumlah acara, termasuk WellChild Awards 2025 dan memberikan penghormatan kepada, mendiang Ratu Elizabeth II, di pusara neneknya itu.  Pangeran Harry dan Raja Charles terlibat drama keluarga yang rumit dalam beberapa tahun terakhir, mulai dari Harry keluar dari Kerajaan Inggris, merilis buku memoar kontroversial, hingga wawancara dengan BBC. Raja Charles III disebut kesal dan frustrasi dengan kelakuan anaknya, Pangeran Harry, yang membahas permasalahan keluarga dalam wawancara dengan BBC setelah kekalahan dalam gugatan jaminan keamanan yang ia minta ke Pemerintah Inggris. Raja Charles bahkan merasa Harry tidak menghargai dan memahami posisinya yang sulit sebagai monarki yang tak bisa campur tangan dalam permasalahan pemerintahan seperti yang terjadi dengan Harry. Pangeran Harry sebelumnya mengakui kepada BBC bahwa dirinya sudah tak berbicara dengan Raja Charles sejak lama yang sekaligus mengakui konflik keluarga mereka di hadapan publik.  [Gambas:Video CNN]  Pengakuan itu terjadi setelah Harry kalah dalam gugatan permintaan perlindungan darinya kepada Pemerintah Inggris. Harry menuntut ia dan keluarganya diberikan perlindungan oleh Pemerintah Inggris saat datang ke kampung halamannya itu seperti pada masa lalu. Namun permintaan itu ditolak lantaran perlindungan oleh pihak kepolisian dan pemerintah yang dibiayai oleh pajak masyarakat hanya bisa diberikan kepada anggota aktif keluarga Kerajaan Inggris. Sementara itu, Harry dan Meghan Markle sudah mundur sejak 2020. Harry juga meminta opsi untuk bisa membayar kepolisian Inggris dalam rangka kebutuhan keamanan tersebut, tapi hal ini juga ditolak. Dengan begitu, Harry hanya bisa mendapatkan layanan keamanan bila ia menyewa jasa penyedia swasta.   [Gambas:Twitter]     [Gambas:Twitter]  ",https://www.cnnindonesia.com/hiburan/20250911082550-234-1272410/pangeran-harry-dan-raja-charles-akhirnya-bertemu-lagi
Wacana Tarif Parkir Jakarta Bakal Naik Dibantah Gubernur Pramono,otomotif,"Narasitarif parkirdi ibu kota bakal naik yang muncul beberapa hari belakangan dibantah Gubernur DKI JakartaPramono Anung. Menurut Pramono belum ada rencana kenaikan tersebut. ""Jadi, sampai hari ini, belum ada rencana kenaikan tarif parkir. Sehingga apa yang disampaikan, saya nggak tahu siapa yang menyampaikan itu, itu tidak benar,"" kata Pramono di Jakarta, Rabu (10/9).  ADVERTISEMENT SCROLL TO CONTINUE WITH CONTENT Narasi kenaikan tarif parkir semakin mencuat usai Dinas Perhubungan Jakarta mengunggah konten berisi perbandingan tarif parkir Jakarta dengan kota besar lain di Indonesia dan negara lain. Tarif parkir mobil Jakarta dicantumkan sebesar Rp5.000 per jam pertama, motor Rp2.000, bus Rp8.000 dan truk Rp8.000. ADVERTISEMENT SCROLL TO CONTINUE WITH CONTENT Sementara di kota lain seperti Depok, mobil Rp5.500, Motor Rp3.500, Bus Rp10.000 dan Truk Rp10.000. Sedangkan di Surabaya, Mobil Rp8.000, Motor Rp3.000, Bus Rp20.000 dan Truk Rp20.000. Dibanding kota di luar negeri, tarif parkir 8 jam on-street di New York besarnya 17,26 persen dari pendapatan rata-rata penduduk. Sedangkan di Paris 51,3 persen dan Delhi 27,36 persen, Kuala Lumpur 17,41 persen, Singapura 10,71 persen dan Jakarta 1,91 persen. Dalam unggahan itu juga disebutkan manfaat tarif parkir baru di Jakarta, di antaranya buat digitalisasi perparkiran, meningkatkan sarana dan prasarana perpakiran serta mendorong masyarakat beralih ke angkutan umum. Rencana menaikkan tarif parkir sebenarnya pernah diungkap Pramono pada Juni. Dia bilang hal ini diperlukan guna membenahi sistem transportasi di ibu kota. ""Mohon maaf bagi orang-orang yang mampu, nanti pelan-pelan parkirnya saya mau naikkan,"" kata Pramono di kawasan Semanggi, Jakarta Selatan, Selasa (10/6). Bukan cuma tarif parkir baru, Pramono saat itu juga mengatakan ingin menerapkan sistem jalan berbayar elektronik atau Electronic Road Pricing (ERP). Dia bilang dana dari kenaikan tarif parkir dan ERP akan dialihkan untuk subsidi layanan transportasi umum, termasuk TransJakarta, MRT, dan LRT, agar dapat digunakan secara gratis oleh 15 golongan masyarakat prioritas. ""Bagi warga yang termasuk dalam 15 golongan, naik MRT, LRT, TransJakarta itu gratis. Bahkan saat TransJabodetabek terbentuk, masyarakat dari Bogor, Depok, Tangerang, Bekasi, hingga Cianjur juga akan digratiskan,"" ucap Pramono. [Gambas:Instagram]  Parkir cashless Selain membantah kenaikan tarif parkir, Pramono dalam pernyataan terbarunya mengatakan justru saat ini pihaknya sedang mengkaji penerapan pembayaran parkir nontunai atau cashless. ""Bahwa kita sedang mengkaji cashless untuk parkir, iya. Untuk mengatur perparkiran, iya. Tapi belum pernah ada keputusan apa pun, dan kalau ada keputusan harus mendapatkan persetujuan gubernur,"" ujarnya. ",https://www.cnnindonesia.com/otomotif/20250911082246-579-1272409/wacana-tarif-parkir-jakarta-bakal-naik-dibantah-gubernur-pramono
"Bapeten Temukan Cemaran Radioaktif di Serang, Warga Dites Kesehatan",nasional,"Badan Pengawas Tenaga Nuklir (Bapeten) menemukan sejumlah lokasi yang tercemar zat radioaktif, menyusul temuan pencemaran bahan radioaktif Cesium-137 di sekitar Kawasan Industri Modern Cikande, Kabupaten Serang, Banten. Sementara itu, warga menjalani pemeriksaan di fasilitas kesehatan untuk mengantisipasi paparan pencemaran zat radioaktif.  ADVERTISEMENT SCROLL TO CONTINUE WITH CONTENT Kabiro Hukum, Kerja Sama, dan Komunikasi Publik Bapeten Ishak, menyebutkan lokasi temuan baru dugaan cemaran zat radioaktif itu tidak berjauhan dari lokasi temuan awal. ""Bapeten telah melakukan monitoring radioaktivitas lingkungan hingga radius lima kilometer. Dan berdasarkan hasil monitoring, ditemukan beberapa lokasi lain yang menunjukkan paparan radiasi yang cukup tinggi,"" katanya, Selasa (9/9) seperti dikutip dariAntara. Ishak menyebut Bapeten bersama dengan Kepolisian Negara Republik Indonesia (Polri) dan Kementerian Lingkungan Hidup (KLH) melakukan penanganan sementara dengan memasang tali pembatas di lokasi-lokasi tersebut. Ia juga menuturkan pihaknya bersama Polri dan KLH juga tengah mendalami penyebab kontaminasi zat radioaktif di wilayah Kawasan Industri Modern Cikande. ""Berdasar indikasi awal, ada dugaan bahwa kontaminasi disebabkan karena lepasan ke udara dari proses peleburan logam di industri peleburan logam yang ada di daerah tersebut,"" ujarnya.  Sementara itu, pada Rabu (10/9), warga di sekitar lokasi temuan cemaran  radioaktif di Kecamatan Cikande, Kabupaten Serang, diperiksa kesehatannya di puskesmas. Salah satunya Heri Sanjaya, warga Desa Nambo, yang diperiksa darahnya. Pemeriksaan kesehatan dilakukan usai temuan dugaan paparan radioaktif di wilayah Industri Modern Cikande oleh Bapeten dan KLH. ""Cek kesehatan, ada 6 orang (yang tinggal di deket limbah radioaktif). Intinya biar sehat semua, jangan ada kena imbasnya radiasi itu, radioaktif. Banyakan (di dalem). Pemeriksaannya cek darah sama kesehatan aja,"" ujar Heri Sanjaya, ditemui usai pemeriksaan kesehatan, Rabu siang. Begitupun warga lainnya, Saijam. Warga Desa Babakan, Kecamatan Cikande, itu mengaku ditanyai mengalami keluhan kesehatan apa saja. Kemudian, sambungnya, sampel darahnya pun kut diambil untuk diperiksa di laboratorium. ""Ditanyain punya keluhan apa, sakitnya apa gitu. Mungkin takutnya ke situ (pengaruh paparan radioaktif), pengetesan kesehatan tubuhnya, keseluruhan, dari ujung kaki sampai atas kepala, diambil darah juga,"" jelasnya. Sementara itu, Camat Cikande, Moh Agus, saat dikonfirmasi enggan memberikan komentar terkait pemeriksaan kesehatan warganya di puskesmas tersebut. ""Enggak berani, [tanya] Bapeten aja, Bapeten. Enggak berani saya [jawab],"" kata dia.  Temuan dugaan cemaran zat radioaktif di Cikande, Serang, itu terjadi setelah Badan p ngawas obat dan makanan Amerika Serikat atau Food and Drug Administration (FDA) mengeluarkan laporan adanya radioaktif pada sampel udang beku asal Indonesia. Laporan yang diterbitkan pada 19 Agustus 2025 itu mengindikasikan udang beku asal Indonesia berasal dari PT Bahari Makmur Sejati (BMS), di Kecamatan Cikande, Kabupaten Serang, Banten. Kemudian berdasarkan hasil pengukuran Bapeten tidak menemukan indikasi keberadaan Cs-137. Namun paparan terdeteksi di sejumlah lapak besi bekas di sekitarnya. ",https://www.cnnindonesia.com/nasional/20250911041832-20-1272359/bapeten-temukan-cemaran-radioaktif-di-serang-warga-dites-kesehatan
Verona vs Cremonese: Audero dkk Berpeluang Tetap di Papan Atas,olahraga,"Cremoneseyang diperkuatEmil Auderopunya peluang untuk tetap bertahan di papan atas Liga Italia pada pekan ketiga kali ini. Di pekan ketiga, Cremonese akan menghadapi tuan rumah Verona. Laga ini akan berlangsung pada Senin (15/9). Dalam dua laga yang telah dijalani, Cremonese selalu memetik poin penuh. Pada pekan pertama, Cremonese mengalahkan AC Milan dengan skor 2-1 dan lalu dilanjutkan dengan kemenangan 3-2 atas Sassuolo. ADVERTISEMENT SCROLL TO CONTINUE WITH CONTENT  Kemenangan tersebut jelas memberikan kepercayaan diri yang luar biasa pada Cremonese. Sebagai tim promosi, Cremonese mencatat start yang luar biasa musim ini. Emil Audero, walaupun kebobolan tiga gol, tetap mendapat pujian. Pasalnya, Audero mencatat banyak penyelamatan gemilang di dua laga tersebut. Cremonese pun sejajar dengan tiga tim elite Italia yaitu Napoli, Juventus, dan AS Roma.    Sementara itu Verona yang jadi calon lawan Cremonese tidak berada dalam kondisi baik. Dari dua laga awal yang dimainkan, Verona hanya membukukan satu poin. Setelah bermain imbang 1-1 lawan Udinese, Verona dilumat 0-4 oleh Lazio. Dan laga lawan Cremonese ini jadi laga kandang pertama Verona musim ini.  [Gambas:Video CNN] ",https://www.cnnindonesia.com/olahraga/20250910130815-142-1272106/verona-vs-cremonese-audero-dkk-berpeluang-tetap-di-papan-atas
KPK Dalami Khalid Basalamah Pilih Haji Khusus Meski Sudah Bayar Furoda,nasional,"Komisi Pemberantasan Korupsi (KPK) mendalami keputusan pendakwah sekaligus pemilik agensi perjalanan haji PT Zahra Oto Mandiri atau Uhud TourKhalid Zeed Abdullah Basalamahyang memilih menunaikan ibadah haji pada tahun 1445 Hijriah/2024 Masehi dengan memakai kuota khusus, meskipun sudah membayar dan siap naik haji lewat jalur furoda. ""Didalami. Itu didalami,"" ujar Pelaksana Tugas Deputi Penindakan dan Eksekusi KPK Asep Guntur Rahayu di Gedung Merah Putih KPK, Jakarta, Rabu. Ketika ditanya mengenai pendalaman yang dilakukan KPK turut membahas keputusan Khalid Basalamah dilatarbelakangi faktor ekonomis atau tidak, Asep menyarankan agar pertanyaan tersebut langsung ditanyakan kepada yang bersangkutan. ADVERTISEMENT SCROLL TO CONTINUE WITH CONTENT ""Kalau ke sini (KPK, red.) lagi, nanti ditanya, 'Pak, lebih murah ya?' (alasan lepas furoda meski sudah bayar, dan memilih haji khusus, red.),"" katanya. Walaupun demikian, Asep menjelaskan penyidik KPK mendapatkan informasi bahwa pada tahun keberangkatan haji tersebut tidak ada haji furoda, tetapi hanya ada kuota haji khusus yang merupakan hasil pembagian dari 20.000 kuota tambahan pemberian Pemerintah Arab Saudi untuk Indonesia.  ""Akan tetapi, yang jelas tersedia saat itu adalah kuota haji khusus karena pembagian yang 20.000 itu 10.000 haji reguler dan 10.000 haji khusus. Kuota haji khusus menjadi lebih banyak karena seharusnya hanya 1.600 atau delapan persen dari 20.000,"" katanya. Sebelumnya, Khalid Basalamah saat diperiksa KPK sebagai saksi kasus dugaan korupsi penentuan kuota dan penyelenggaraan ibadah haji pada Kementerian Agama tahun 2023-2024, Selasa (9/9) lalu, mengaku dirinya merupakan jemaah haji furoda yang sudah bayar dan siap berangkat menunaikan ibadah haji. ""Akan tetapi, ada seseorang bernama Ibnu Mas'ud yang merupakan pemilik PT Muhibbah (PT Muhibbah Mulia Wisata, red.) dari Pekanbaru, menawarkan kami visa ini, sehingga akhirnya kami ikut dengan visa itu di travelnya dia di Muhibbah. Jadi, kami terdaftar sebagai jemaah di situ,"" katanya saat memberikan keterangan setelah diperiksa KPK. KPK mengumumkan memulai penyidikan perkara dugaan korupsi dalam penentuan kuota dan penyelenggaraan ibadah haji pada Kementerian Agama tahun 2023-2024, yakni pada 9 Agustus 2025. Pengumuman dilakukan KPK setelah meminta keterangan mantan Menteri Agama Yaqut Cholil Qoumas dalam penyelidikan kasus tersebut pada 7 Agustus 2025. Pada saat itu, KPK juga menyampaikan sedang berkomunikasi dengan Badan Pemeriksa Keuangan (BPK) RI untuk menghitung kerugian keuangan negara dalam kasus kuota haji tersebut. Pada 11 Agustus 2025, KPK mengumumkan penghitungan awal kerugian negara dalam kasus tersebut mencapai Rp1 triliun lebih, dan mencegah tiga orang untuk bepergian ke luar negeri. Salah satunya adalah mantan Menag Yaqut Cholil Qoumas. Selain ditangani KPK, Pansus Angket Haji DPR RI sebelumnya juga menyatakan telah menemukan sejumlah kejanggalan dalam penyelenggaraan ibadah haji tahun 2024. Titik poin utama yang disorot pansus adalah perihal pembagian kuota 50 berbanding 50 dari alokasi 20.000 kuota tambahan yang diberikan Pemerintah Arab Saudi. Saat itu, Kementerian Agama membagi kuota tambahan 10.000 untuk haji reguler dan 10.000 untuk haji khusus. Hal tersebut tidak sesuai dengan Pasal 64 Undang-Undang Nomor 8 Tahun 2019 tentang Penyelenggaraan Ibadah Haji dan Umrah, yang mengatur kuota haji khusus sebesar 8 persen, sedangkan 92 persen untuk kuota haji reguler. ",https://www.cnnindonesia.com/nasional/20250911064844-12-1272383/kpk-dalami-khalid-basalamah-pilih-haji-khusus-meski-sudah-bayar-furoda
"Warga Jabar Paling Banyak Terjerat Pinjol, Utang Tembus Rp20,2 T",ekonomi,"Otoritas Jasa Keuangan (OJK) mencatat Jawa Barat (Jabar) menjadi provinsi dengan totaloutstandingatauutangbelum terlunasi difintechpeer-to-peer(P2P)lendingatau pinjamanonline(pinjol) terbesar di Indonesia. Berdasarkan data terbaru Statistik Lembaga Pembiayaan Berbasis Teknologi Informasi (LPBBTI),outstandingpinjol di Jawa Barat menembus Rp20,25 triliun per April 2025. Pinjaman disalurkan ke 6,57 juta rekening aktif dengan tingkat kredit macet 3,72 persen. Posisi kedua ditempati DKI Jakarta dengan total pinjaman Rp12,62 triliun. Pinjaman disalurkan ke 2,65 juta rekening aktif dengan tingkat kredit macet 3,1 persen. ADVERTISEMENT SCROLL TO CONTINUE WITH CONTENT Provinsi dengan jumlah utang pinjol terbesar ketiga disabet oleh Jawa Timur. Total pinjaman ke provinsi ini mencapai Rp10,05 triliun dengan tingkat kredit macet 3,02 persen. Pinjaman disalurkan ke 2,92 juta rekening aktif.  Selanjutnya, Jawa Tengah dengan totaloutstandingpinjaman Rp6,7 triliun dengan tingkat kredit macet 3,32 persen. Pinjaman disalurkan ke 2,53 juta rekening aktif. Kelima, Banten dengan total totaloutstandingpinjaman Rp5,98 triliun dengan tingkat kredit macet 2,27 persen. Pinjaman disalurkan ke 1,67 juta rekening aktif. Jawa Barat selalu menjadi provinsi dengan utang pinjol terbesar di Indonesia. Pada Juli tahun lalu, total penyaluran pinjaman ke Jabar Rp7,1 triliun. Duit itu disalurkan kepada 3,6 juta akun.     Penyaluran pinjol di Jabar juga tak pernah di bawah Rp5,6 triliun sejak awal 2024. Fenomena ini sudah menjadi perhatian Gubernur Jawa Barat Dedi Mulyadi. Ia mengaku sulit melarang orang berutang, tetapi Dedi berharap warga Jabar mengurangi budaya konsumtif. ""Kan susahngelarangorang pinjam, enggak bisa. Jadi paling utama adalah ya sudah jangan konsumtif, kalau enggak punya duit janganmaksain(belanja),"" kata Dedi saat di Gedung Pakuan, Bandung, Selasa (25/3).  [Gambas:Video CNN] ",https://www.cnnindonesia.com/ekonomi/20250910164220-78-1272227/warga-jabar-paling-banyak-terjerat-pinjol-utang-tembus-rp202-t
Purbaya Tegur Anak soal Postingan Anak di Medsos: Sudah Tak Main IG,ekonomi,"Menteri KeuanganPurbaya Yudhi Sadewamengaku sudah menegur anaknya soal postingan viral dimedia sosial(medsos). Postingan tersebut soal 'Ayahku sudah melengserkan agen CIA'. Postingan muncul usai ia dilantik Presiden Prabowo Subianto menjadi menteri keuangan menggantikan Sri Mulyani. Unggahan yang dimaksud adalah tulisan dalam Instagram story milik akun pribadi anak dari Purbaya. Tangkapan layar unggahan tersebut sudah tersebar di media sosial, namun kini unggahan tersebut telah dihapus. ADVERTISEMENT SCROLL TO CONTINUE WITH CONTENT Purbaya telah meminta anaknya untuk tidak lagi bermain media sosial. ""Dia nggak ngerti, masih kecil. Sudah (dilarang). Sudah tidak main Instagram lagi. Jadi, anak kecil nggak ngerti apa-apa, gitu aja,"" ungkap Purbaya di Kompleks Istana Kepresidenan, Rabu (10/9).  Eks Bos LPS itu juga menyatakan dirinya telah menegur keras anaknya soal unggahan yang viral itu. Menurutnya, keluarganya sedikit kaget, setelah menjadi menteri keuangan. Pasalnya, sorotan masyarakat menjadi sangat besar. ""Sudah, sudah (ditegur). Kan udah nggak ada lagi di-take down semua di Instagram juga. Dan kita juga nggak biasa kan, biasanya santai, santai nggak ada yang liatin rupanya tiba-tiba dilihatin semuanya setiap gerakan. Baru tahu saya,"" kata Purbaya. [Gambas:Video CNN] ",https://www.cnnindonesia.com/ekonomi/20250911072911-532-1272396/purbaya-tegur-anak-soal-postingan-anak-di-medsos-sudah-tak-main-ig
Apa Itu Kantor Biro Politik Hamas Target Israel & Kenapa Ada di Qatar?,internasional,"Kantor Biro PolitikHamasdi Doha,Qatar, menjadi sorotan setelah Israel melancarkan serangan udara pada Selasa (9/9) dengan menargetkan para pemimpin senior kelompok itu. Serangan ini menewaskan enam orang, termasuk putra dari Khalil al-Hayya, pemimpin tim negosiasi Hamas di Doha, salah satu ajudannya, serta seorang perwira keamanan Qatar. Namun Hamas memastikan pimpinan utamanya selamat.  ADVERTISEMENT SCROLL TO CONTINUE WITH CONTENT ""Ini sekali lagi mengungkapkan sifat kriminal dari pendudukan dan keinginannya untuk merusak setiap peluang kesepakatan,"" kata Hamas. Qatar mengutuk keras serangan tersebut, menyebutnya ""pelanggaran terang-terangan terhadap hukum internasional dan ancaman serius bagi keamanan warga Qatar dan penduduknya."" Bagi Israel, serangan itu disebut sebagai operasi independen untuk menghantam pimpinan Hamas yang dianggap mengatur perang sejak serangan 7 Oktober 2023. Serangan ini adalah yang pertama kali dilakukan Israel ke Qatar, menandai eskalasi baru dalam perang melawan Hamas sekaligus mengguncang citra Qatar yang selama ini dikenal sebagai mediator internasional.     Kantor Biro Politik Hamas di Doha adalah pusat aktivitas politik milisi sekaligus partai penguasa Jalur Gaza itu di luar wilayah Palestina. Kantor ini dibuka pada 2012, ketika Khaled Meshaal dan sejumlah pemimpin Hamas meninggalkan Suriah setahun setelah perang saudara pecah. Sejak itu, sejumlah tokoh Hamas bermukim di Qatar. Meshaal, mantan ketua Biro Politik Hamas yang pernah lolos dari upaya pembunuhan Israel di Yordania pada 1997, menetap di Doha sejak 2012. Ismail Haniyeh, yang menggantikan Meshaal sebagai pemimpin politik Hamas sekaligus pernah menjabat perdana menteri Palestina, juga berbasis di Qatar sejak 2017. Namun, Haniyeh tewas dalam serangan Israel di Teheran pada Juli 2024.  Kematian Haniyeh terjadi saat agresi Israel ke Jalur Gaza sejak Oktober 2023 tengah gencar-gencarnya sebagai balasan atas serangan Hamas yang lebih dulu menargetkan wilayah negara Zionis itu pada 7 Oktober 2023. Selain itu, ada pula Khalil al-Hayya, anggota dewan kepemimpinan Hamas yang kini memimpin delegasi negosiasi, serta Mousa Abu Marzouk. Kehadiran para tokoh ini membuat Doha kerap menjadi lokasi perundingan penting, termasuk soal upaya gencatan senjata di Gaza maupun pembahasan pembebasan tawanan Israel. Berlanjut ke halaman berikutnya >>>  Qatar dikenal sebagai salah satu mediator paling berpengaruh di Timur Tengah dan dunia. Negara Teluk ini menjalin hubungan baik dengan pihak-pihak yang saling bermusuhan, mulai dari Amerika Serikat (AS) hingga Iran. Para pejabat Qatar berulang kali menegaskan keputusannya menampung Hamas datang setelah ada permintaan dari AS. Dalam opininya di Wall Street Journal (2023), Duta Besar Qatar untuk AS, Sheikh Meshal bin Hamad Al Thani, menulis Washington menghendaki kantor itu ""untuk membangun jalur komunikasi tidak langsung dengan Hamas."" Selain itu, Qatar selama bertahun-tahun memberikan bantuan finansial untuk Gaza yang sejak 2007 berada di bawah blokade Israel, sekaligus menjadi salah satu pendukung utama perjuangan Palestina.  Sheikh Meshal menegaskan keberadaan kantor Hamas ""tidak boleh disalahartikan sebagai dukungan, melainkan sebagai kanal komunikasi penting yang kerap dipakai dalam upaya mediasi konflik di Israel dan wilayah Palestina."" Perdana Menteri Qatar Sheikh Mohammed bin Abdulrahman bin Jassim Al Thani bahkan sempat menyatakan pada 2023 bahwa negaranya mungkin meninjau ulang peran mediasi, karena ada pihak-pihak yang menggunakan mediasi demi ""kepentingan politik sempit."" Peran Qatar sebagai tuan rumah aktor politik internasional bukan hal baru. Negara itu juga menampung Taliban sejak 2013 untuk memfasilitasi perundingan damai dengan AS, serta menjadi tempat aman bagi sejumlah tokoh politik Arab pasca-Arab Spring. Di saat yang sama, Qatar menampung pangkalan militer AS terbesar di Timur Tengah, Al Udeid. Dengan posisi unik ini, Doha berperan ganda. Di satu sisi menjadi mediator yang membuka jalur komunikasi antara musuh bebuyutan, di sisi lain kini ikut terseret langsung ke dalam eskalasi konflik akibat serangan Israel.",https://www.cnnindonesia.com/internasional/20250910154125-120-1272197/apa-itu-kantor-biro-politik-hamas-target-israel-kenapa-ada-di-qatar
SEA Games: Masih Percaya Vanenburg atau Pilih Indra Sjafri?,olahraga,"Seiring kegagalan meraih tiket putaran final Piala Asia U-23 2026, siapa yang akan melatihTimnas Indonesiadalam SEA Games 2025 di Thailand? Belum ada sikap resmi dari PSSI dan pemerintah, dalam hal ini Kemenpora. Yang pasti, Gerald Vanenburg menyebut dirinya tidak dikontrak untuk menangani Garuda Muda di SEA Games 2025. PSSI sempat punya asa agar Vanenburg yang tetap menangani Arkhan Fikri dan kawan-kawan di Thailand. Kiprah Indonesia U-23 selama Kualifikasi Piala Asia U-23 2026 jadi tolok ukurnya. ADVERTISEMENT SCROLL TO CONTINUE WITH CONTENT  Rupanya kinerja kepelatihan Vanenburg berbuah dua kegagalan, Piala AFF U-23 2025 dan Kualifikasi Piala Asia U-23 2026. Dengan ini situasi pelatih asal Belanda tersebut tersudut. Pasalnya, sebelum Vanenburg dikontrak PSSI sebagai pelatih Indonesia U-23, Kemenpora membuat pernyataan bahwa Indra Sjafri yang akan menjadi nahkoda Garuda Muda di SEA Games 2025. Namun, Menpora Dito Ariotedjo, yang kini sudah tidak menjabat posisi tersebut, meralatnya. Status pelatih Indonesia U-23 di SEA Games 2025 akan dibahas PSSI dan Kemenpora. Dengan tak adanya Dito di Kemenpora, tidak menutup kemungkinan kebijakan bakal berubah. Sebab, biasanya, pemerintah tak mengintervensi perihal teknis di cabang olahraga.    Maksudnya, PSSI otonom dalam menentukan siapa pelatih yang akan dipilih. Pemerintah tak punya kuasa siapa pelatih yang akan ditugaskan, karena itu wilayah federasi. Hanya saja, melihat dinamika yang terjadi, Vanenburg terbukti tak bertuah dalam dua ajang, ada potensi Indra Sjafri kembali dipercaya untuk merebut medali emas SEA Games 2025. Target Kemenpora untuk cabang olahraga sepak bola SEA Games 2025 adalah emas. Karena itu Kemenpora berharap PSSI menunjuk pelatih yang teruji rekam prestasinya. Dalam hal ini Indra Sjafri sudah terbukti. Ia adalah pelatih yang membawa Indonesia meraih emas SEA Games 2023. Meski namanya tak sebesar Vanenburg, tetapi tuah Indra telah terbukti. SEA Games 2025akan berlangsung di Thailand pada 9-20 Desember 2025. Adapun cabang olahraga sepak bola akan berlangsung mulai 3 Desember hingga 18 Desember. Jika melihat jadwal Super League 2025/2026, kompetisi akan jeda pada 1 hingga 19 Desember. Pertandingan terakhir sebelum jeda SEA Games 2025 adalah 30 November. Kalau mengacu kalender ini, skuad Timnas Indonesia U-23 baru bisa bergabung pada 1 Desember. Artinya pula tak ada waktu persiapan sebelum bertanding pada 3 Desember.  Namun, ada kalender internasional FIFA Matchday periode November pada tanggal 10-18. PSSI bisa memulai persiapan menuju SEA Games 2025 mulai tanggal tersebut. Setelah kalender internasional selesai, skuad Indonesia U-23 tidak perlu bubar pula. Sewajarnya jika tim ini tetap melakukan pemusatan latihan. Karena itu dibutuhkan sosok diplomat. Pelatih yang bisa berkomunikasi dengan klub, agar rela melepas pemainnya ke skuad Indonesia U-23, sangat penting. Perihal ini Gerald Vanenburg sepertinya kurang luwes bergerak. Beda halnya dengan Indra Sjafri. Ia punya hubungan yang baik dengan petinggi klub sepak bola Indonesia. Indra juga biasa toleran dengan kebutuhan klub selama kompetisi. Berkaca dari ajang-ajang sebelumnya, Indra kerap melepas pemain saat dibutuhkan klub dalam kompetisi. Sang pemain akan kembali berlatih dengan dia begitu selesai bertanding. Ini jelas tak mudah bagi pemain. Ia berlatih dengan tim nasional, tetapi bertanding dengan skema dan sistem permainan klub. Namun, bagi pelatih pragmatis ini penting. Tetapi, inilah kelebihan Indra. Ia bisa berkompromi dengan situasi dan kondisi tanpa menghilangkan esensi latihan menjelang kejuaraan. Dalam hal ini Indra unggul atas Vanenburg. Kini bola ada di tangan PSSI, apakah akan memilih Vanenburg atau Indra. Yang pasti, target pemerintah jelas dan tegas, pertahankan medali emas cabang olahraga sepak bola.  [Gambas:Video CNN] ",https://www.cnnindonesia.com/olahraga/20250911062414-142-1272371/sea-games-masih-percaya-vanenburg-atau-pilih-indra-sjafri
Bagaimana Nasib Mees Hilgers di FC Twente?,olahraga,"Masa depanMees Hilgershingga kini masih belum ada kepastian menyusul gagalnya rencana dia pindah ke Stade Brest pada pekan lalu. Lantas, bagaimana nasib Mees Hilgers di FC Twente? Mees Hilgers saat ini masih ikut latihan FC Twente setelah gagal pindah ke Stade Brest pekan lalu karena kurangnya waktu untuk tes medis. Tetapi keinginan Hilgers untuk hengkang tetap masih ada. Direktur Teknik FC Twente Jan Streuer mengaku pihaknya telah berupaya sepanjang musim panas untuk menjual pemain Timnas Indonesia tersebut yang kontraknya di Enschede akan berakhir di akhir musim ini. ADVERTISEMENT SCROLL TO CONTINUE WITH CONTENT ""Belum ada solusi. Tapi, masih ada beberapa aktivitas seputar Mees. Beberapa hal masih memungkinkan di beberapa negara. ,"" kata Jan Streuer dikutip dariVoetbal Internasional. ""Kita lihat saja perkembangannya dalam beberapa minggu mendatang. Dan jika tidak ada perkembangan lain yang terjadi, maka kita akan memiliki bek tengah tambahan. Tentu saja itu bisa diatasi,"" ujar Streuer menambahkan. FC Twente telah meminjamkan bek tengah Alec van Hoorenbeeck ke Heracles Almelo. Kini materi bek tengah Twente menyisakan Robin Propper, Max Bruns, Stav Lemkin, dan Ruud Nijstad, yang dipromosikan dari akademi muda. ""Situasi saat ini, tiga ditambah satu pemain muda. Itu agak berisiko. Dengan Mees, jumlahnya menjadi empat ditambah satu pemain muda. Itu sendiri tidak buruk,"" kata Streuer.    Streuer mengatakan pihaknya akan mendesak perpanjangan kontrak untuk mencegah Hilgers pergi dengan status bebas transfer. ""Kita harus membicarakannya dengannya. Tapi mari kita tunggu dan lihat dalam beberapa minggu mendatang,"" ucap Streuer.  [Gambas:Video CNN] ",https://www.cnnindonesia.com/olahraga/20250911083242-142-1272412/bagaimana-nasib-mees-hilgers-di-fc-twente
"Israel Bom Markas Houthi di Ibu Kota Yaman, 35 Tewas 118 Terluka",internasional,"Militer Israelmeluncurkan bom ke Ibu Kota Negara Yaman, Sanaa, Rabu (10/9). Mengutip dariReuters,serangan itu terlihat menyasar dua tempat yang diduga menjadi markas komando milisi Houthi di Sanaa dan Jawf yang berbatasan dengan Arab Saudi. AFPmelansir berdasarkan keterangan Houthi menyatakan korban tewas akibat serangan Israel itu mencapai 35 orang. Sementara itu, setidaknya ada 118 orang terluka. ADVERTISEMENT SCROLL TO CONTINUE WITH CONTENT Juru bicara kementerian kesehatan Houthi di Yaman, Anees Alasbahi di akun media sosial X menyatakan, ""Pertahanan sipil, ambulans, dan tim penyelamat sedang mencari kemungkinan korban lain yang masih hilang."" Di Sanaa, asap membumbung tinggi di atas kawasan gedung yang dibom Israel. Gedung itu disebut sebagai markas komando Houthi selama lebih dari sedekade terakhir. Serangan ini merupakan yang kesekian kalinya dilakukan Israel ke wilayah Sanaa dengan dalih menargetkan milisi Houthi. Bulan lalu, Perdana Menteri dari Houthi Ahmed Ghaleb Nasser al-Rahawi, sembilan menteri, dan dua staf kabinet terbunuh oleh serangan Israel ketika mereka sedang menghadiri pertemuan kabinet di Sanaa. Sementara itu stasiun televisi Al-Masirah yang dikelola Houthi memberitakan serangan di Jawf telah menghantam cabang bank sentral di kota Al-Hazm. Sejumlah pegawai bank itu, katanya, terluka. Mengutip dariAljazeera, faksi Hamas di Gaza, Palestina, mengecam keras serangan mematikan Israel di Provinsi Sanaa dan al-Jawf, Yaman, dan menyebutnya sebagai ""serangan barbar"" yang menewaskan dan melukai warga sipil. Dalam sebuah pernyataan, kelompok Palestina tersebut menggambarkan serangan tersebut sebagai pelanggaran terang-terangan terhadap hukum internasional dan kedaulatan Yaman, serta bagian dari eskalasi agresi Israel di wilayah tersebut. Hamas menyatakan solidaritasnya dengan rakyat Yaman. Mereka juga memuji Houthi karena terus mendukung warga Palestina di Gaza meskipun menanggung kerugian besar. Kelompok ini juga mendesak negara-negara Arab dan Muslim, serta komunitas internasional yang lebih luas, untuk segera bertindak guna menghentikan serangan Israel dan meminta pertanggungjawaban para pemimpinnya atas kejahatan perang. ",https://www.cnnindonesia.com/internasional/20250911014557-120-1272351/israel-bom-markas-houthi-di-ibu-kota-yaman-35-tewas-118-terluka
Gol Rekan Audero Terpilih Jadi Gol Terbaik Agustus,olahraga,"Gol rekan setimEmil Auderodi Cremonese, Federico Bonazzoli terpilih sebagai gol terbaik bulan Agustus di Serie A. Gol Bonazzoli tercipta pada pekan pertama Serie A ketika Cremonese menghadapi Milan. Gol tersebut tercipta di menit ke-61 dan membuat kedudukan jadi 2-1 untuk Cremonese. Gol tersebut bermula dari serangan Cremonese di sisi kanan pertahanan Milan. Federico Baschirotto yang menguasai bola mengirim umpan backheel pada Giuseppe Pezzella. ADVERTISEMENT SCROLL TO CONTINUE WITH CONTENT  Pezzella lalu melepaskan umpan silang ke arah tiang jauh. Di sana Bonazzoli sudah sigap menunggu dan melepaskan tendangan salto. Bola meluncur ke pojok gawang tanpa bisa ditangkap oleh Mike Maignan. ""Federico Bonazzoli memenangkan penghargaan Gol Terbaik bulan Agustus,"" demikian bunyi unggahan Liga Italia. Gol Bonazzoli turut membantu Cremonese meraih tiga poin pada pekan pertama di markas Milan. Kemenangan lawan Milan itu yang turut mengangkat kepercayaan diri Cremonese.  [Gambas:Twitter]  Hasilnya, Cremonese juga mampu menaklukkan Sassuolo dengan skor 3-2. Cremonese kini mengoleksi enam poin, sejajar dengan Napoli, AS Roma, dan Juventus. Pada pekan ketiga, Cremonese bakal bertemu Verona. Laga Verona vs Cremonese akan digelar pada Senin (15/9).  [Gambas:Video CNN] ",https://www.cnnindonesia.com/olahraga/20250910195105-142-1272288/gol-rekan-audero-terpilih-jadi-gol-terbaik-agustus
Charlie Kirk Influencer Muda Trump Tewas Ditembak di Event Kampus,internasional,"Pemengaruh (influencer) yang juga tokoh konservatif sekutu utama Presiden Amerika Serikat (AS)Donald Trump, Charlie Kirk (31), jadi korban penembakan di kampus Universitas Utah Valley, Rabu (10/9). Mengutip dariAFP, Kirk tak dapat diselamatkan nyawanya akibat penembakan tersebut. ""Charlie Kirk yang luar biasa, legendaris, telah meninggal. Tidak ada seorang pun yang memahami atau memiliki Hati Pemuda di Amerika Serikat yang lebih baik dibandingkan Charlie,"" kata Trump. ADVERTISEMENT SCROLL TO CONTINUE WITH CONTENT Saat aksi penembakan terjadi, Kirk sedang menjadi pembicara di kampus tersebut. Mengutip dariReuters, dari rekaman video yang beredar saat itu Kirk sedang berbicara dalam suatu acara di bawah tenda besar. Saat terdengar suara tembakan, beberapa saat kemudian terlihat Kirk tersungkur di podium. Kepanikan pun terjadi di antara audiens. ""Hari ini sekitar pukul 12.10, sebuah tembakan ditargetkan ke pembicara tamu, Charlie Kirk. Dia tertembak dan telah dibawa dari lokasi oleh tenaga keamanannya. Polisi kampus masih menginvestigasi terduga pelaku yang sudah diamankan,"" demikian pernyataan pihak universitas pada akun media sosialnya. Dalam pernyataan terpisah yang dikutipFox News, pihak kampus menyatakan tembakan itu diduga dilakukan dari jarak jauh. ""Penembakan diduga ditembakkan dari sebuah gedung sekitar 182 meter dari pembicara,"" katanya.. Imbas penembakan tersebut, kampus tersebut pun ditutup sepanjang Rabu lalu. Mantan anggota kongres dari Utah, Jason Chaffetz, yang berada di lokasi mengatakan penembakan terjadi saat sesi tanya-jawab. ""Pertanyaan pertama tentang agama. Dia berbicara selama sekitar 15-20 menit. Pertanyaan kedua, menariknya, tentang penembak transgender, penembak massal, dan di tengah-tengah itu, suara tembakan terdengar,"" ujar Chaffetz yang terdengar dengan nada masih terguncang. Chaffetz mengaku saat suara tembakan terjadi dan korban tersungkur, dirinya sedang melihat Kirk. ""Kebetulan saya sedang memerhatikan Charlie. Saya tidak bisa bilang saya melihat darah. Saya tidak bisa bilang saya melihatnya ditembak, tetapi begitu tembakan itu dilepaskan, dia tersungkur,"" kata dia. ""Semua orang tiarap, semua orang... banyak orang mulai berteriak, lalu semua orang mulai berlari,"" tambahnya.   Mengutip dariAFP, Kirk memiliki pengaruh yang sangat besar dalam politik AS, termasuk menjadi kunci bagi Trump dalam menggaet kalangan pemilih muda. Kirk mendirikan Turning Point USA pada tahun 2012 dengan misi untuk menggerakkan sudut pandang konservatif di kalangan anak muda. Hal tersebut pun menjadikannya juru bicara andalan di jaringan televisi dan di konferensi-konferensi bagi kaum muda sayap kanan. Ia telah memanfaatkan audiensnya yang besar di Instagram dan YouTube untuk membangun dukungan bagi kebijakan konservatif. Kehadirannya di kampus-kampus dipandang oleh kalangan kanan sebagai kontras yang disambut baik terhadap sudut pandang liberal yang tersebar luas di pendidikan tinggi, tetapi seringkali memicu pertentangan yang sengit. Berita penembakan tersebut memicu kengerian di seluruh spektrum politik. ",https://www.cnnindonesia.com/internasional/20250911030946-134-1272356/charlie-kirk-influencer-muda-trump-tewas-ditembak-di-event-kampus
"'Bedol Desa' ASN Purwakarta ke Pemprov Jabar di Masa Demul, Ada Apa?",nasional,"Belasan pejabat atau aparatur sipil negara (ASN) dari KabupatenPurwakartadipindahtugaskan alias mutasi ke lingkunganPemerintah Provinsi Jawa Baratdi bawah kepemimpinan GubernurDedi Mulyadi. Publik menyebut fenomena ini sebagai bedol desa karena jumlah ASN yang dipindahtugaskan cukup banyak. Alasan lain penyebutan bedol desa karena Dedi Mulyadi sendiri merupakan mantan Bupati Purwakarta dua periode dari 2008 hingga 2018. Gelombang bedol desa terbaru terjadi pada Senin, 10 September lalu, ketika 10 pejabat eselon III asal Purwakarta resmi dilantik menempati posisi baru di berbagai satuan kerja perangkat daerah (SKPD) Pemprov Jabar. ADVERTISEMENT SCROLL TO CONTINUE WITH CONTENT Catatandetikcom, sebelumnya 4 pejabat eselon II lebih dulu dilantik oleh Dedi Mulyadi pada Mei 2025. Sekretaris Daerah (Sekda) Provinsi Jawa Barat Herman Suryatman mengeklaim aksi bedol desa pejabat Kabupaten Purwakarta ke lingkungan Pemerintah Provinsi (Pemprov) Jawa Barat belum lama ini, memenuhi mekanisme sistem meritokrasi.  Herman mengatakan selain sesuai mekanisme meritokrasi, para pejabat dari Pemkab Purwakarta itu juga dianggap telah memenuhi syarat untuk mengisi sejumlah jabatan yang telah diberikan Gubernur Dedi Mulyadi. ""Begini, kita kan sistem merit dan itu dasarnya adalah kualifikasi, kompetensi dan kinerja. Dari mana pun asalnya Pemda Provinsi Jawa Barat membuka diri. Bisa melalui melaluie-talent, bisa daftar langsung, bisa juga melaluitalent scouting,"" ujar Herman, di Bandung, Rabu (10/9). Berangkat dari pertimbangan-pertimbangan tersebut, Herman mengatakan mutasi pejabat dari kabupaten, seperti dari Purwakarta, bisa dilakukan sewaktu-waktu. Lewat pemanfaatan SDM yang ada ditalent poolPemprov Jabar, dan melaluitalent scouting, kata Herman, calon-calon yang potensial dari berbagai kabupaten dan kota di Jabar bisa terpilih. ""Intinya harus mengacu ke kualifikasi kompetensi kinerja, dan yang kemarin dilantik semuanya sudah mengikuti mekanisme, sudah diuji kompetensi dan hasilnya memenuhi syarat minimal untuk gabung di Pemda Provinsi Jawa Barat,"" ucap Herman. Herman juga menjamin, seluruh nama yang mengisi jabatan di Pemprov Jabar memiliki kualifikasi dan kinerja yang baik, karena dalam prosesnya, para pejabat itu sudah melalui proses seleksi bersama dengan tim panitia seleksi khusus, dari segi kualifikasi, kompetensi dan kinerja. Herman mengaku selalu membuka diri bagi mereka-mereka yang berminat untuk bergabung bersama Pemerintah Provinsi. ""Jadi jangan nanya dari mana, tetapi apakah akuntabel atau tidak, mekanismenya akuntabel dan SDM-nya juga yang bersangkutan bisa dipertanggungjawabkan dari sisi kualifikasi kompetensi kinerja. Saya sebagai Sekda mengawal langsung, semuanya sesuai ketentuan. Paling penting SDM-nya tadiqualified, kompeten, berkinerja dan bisa mendorong progresivitas pemerintahan yang saat ini dipimpin oleh Pak Gubernur,"" tuturnya. Bedol desa pejabat Purwakarta ke Pemprov Jabar juga diumumkan oleh Diskominfo Purwakarta dalam media sosialnya, Jumat (5/9).  Para pejabat yang dimutasi ke Pemprov Jabar itu baru-baru ini antara lain Dadi Sadali, Sekretaris BKPSDM Purwakarta menjadi Sekretaris Badan Kepegawaian Daerah Provinsi Jabar. Rudi Hermawan Kusumah, Kabag UKPBJ Setda Purwakarta menjadi Kabag TU Biro Pengadaan Barang & Jasa Setda Jabar; Ervin Aulia Rachman, Kabid Pendidikan Dasar Disdik Purwakarta menjadi Kepala Cabang Dinas Wilayah II Disdik Jabar; Kosasih, Plt Kepala DLH Purwakarta menjadi Sekretaris Dinas Bina Marga & Penataan Ruang Jabar. Muhtar Jalaludin, Kabid Tata Bangunan DPUTR Purwakarta menjadi Kepala UPTD Pengelolaan Jalan & Jembatan Wilayah III Jabar; Edi Sukandar, Sekretaris Bappelitbangda Purwakarta menjadi Sekretaris Dinas Kesehatan Jabar; Muhamad Kosim, Camat Bojong Purwakarta menjadi Kabid Pemberdayaan Usaha Ekonomi Masyarakat DPMD Jabar. Endah Fitriah, Analis Keuangan Bapenda Purwakarta menjadi Analis Perencanaan Evaluasi & Pelaporan Biro Administrasi Pimpinan Setda Jabar; Dayli Setiaji, Kabid Pengawasan & Keselamatan menjadi Kepala UPTD Pusat Pengelolaan Pendapatan Daerah Wilayah KBB Bapenda Jabar. Dan Maksum Kosasih, Analis SDM Aparatur Ahli Muda Bapenda Purwakarta menjadi Kasubbag TU Cabang Disdik Wilayah IV Jabar.",https://www.cnnindonesia.com/nasional/20250911075902-32-1272399/bedol-desa-asn-purwakarta-ke-pemprov-jabar-di-masa-demul-ada-apa
"Bahaya Memanaskan Makanan Terlalu Sering, Bisa Picu Keracunan",gaya-hidup,"Banyak orang memilih memasak dalam jumlah besar agar lebih praktis.Makananyang sudah dimasak biasanya disimpan dikulkaslalu dihangatkan kembali saat hendak disantap. Sekilas, cara ini tampak efisien dan menghemat waktu. Namun, tahukah Anda bahwa memanaskan makanan berulang kali justru dapat membawa dampak buruk bagi kesehatan? Pasalnya, tidak semua jenis makanan aman dipanaskan terus-menerus, bahkan ada yang justru bisa menimbulkan risiko serius bagi tubuh. Alih-alih lebih praktis, kebiasaan ini bisa berujung pada masalah kesehatan yang tak terduga. Berikut beberapa bahaya memanaskan makanan terlalu sering yang perlu Anda waspadai, melansir berbagai sumber: ADVERTISEMENT SCROLL TO CONTINUE WITH CONTENT Sayuran yang dipanaskan berulang cenderung kehilangan banyak kandungan vitamin dan fitonutriennya. Menurut Food Science and Biotechnology (2017), proses pemanasan dapat menurunkan kadar vitamin C dan B yang sangat penting bagi tubuh.  Jenis sayuran seperti brokoli, bayam, atau kubis yang dipanaskan berulang kali justru berkurang manfaatnya. Akibatnya, Anda berisiko kekurangan nutrisi meski merasa sudah mengonsumsi sayur dalam jumlah cukup. Pemanasan makanan tidak selalu berarti aman dari bakteri. Justru pada suhu tertentu, sekitar 5-60 derajat Celcius, bakteri lebih mudah berkembang biak. Food Standards Agency di Australia menyebut kondisi ini bisa memicu munculnya spora beracun. Salah satu bakteri berbahaya adalah Clostridium botulinum yang dapat hinggap pada daging, ikan, telur, bahkan nasi. Mengonsumsi makanan yang terkontaminasi bakteri ini bisa berakibat keracunan serius. Protein dalam makanan yang dipanaskan berulang kali dapat mengalami perubahan struktur. Proses oksidasi asam amino dan nitrogen akibat pemanasan berulang dapat memicu gangguan pada sistem pencernaan. Itu sebabnya, makanan berprotein tinggi seperti daging, ayam, dan ikan sebaiknya tidak dipanaskan berkali-kali. Pemanasan berulang juga bisa merusak enzim yang berfungsi membantu pencernaan dan menstabilkan reaksi oksidasi di dalam tubuh. Kerusakan enzim ini berpotensi memicu terbentuknya radikal bebas, yang bila menumpuk dapat meningkatkan risiko penyakit kronis seperti kanker.  Memanaskan makanan terlalu sering memang terasa praktis, tetapi efeknya tidak sepele. Mulai dari hilangnya gizi, risiko keracunan, gangguan pencernaan, hingga bahaya radikal bebas. Untuk lebih aman, sebaiknya hangatkan makanan hanya sekali dan pastikan disimpan dengan cara yang benar.",https://www.cnnindonesia.com/gaya-hidup/20250910073124-262-1271927/bahaya-memanaskan-makanan-terlalu-sering-bisa-picu-keracunan
VIDEO: Rapat Perdana Menkeu Purbaya Dicecar Komisi XI DPR,tv,"Menteri Keuangan Purbaya Yudhi Sadewa masih menjadi sorotan. Kali ini dari rapat kerja perdana Menkeu Purbaya dengan Komisi XI DPR RI. Rapat yang membahas rencana kerja dan anggaran Kementerian Keuangan tahun 2026 justru diwarnai sejumlah kritikan, tuntutan sekaligus harapan menciptakan pertumbuhan ekonomi yang berkualitas.",https://www.cnnindonesia.com/tv/20250911092357-400-1272431/video-rapat-perdana-menkeu-purbaya-dicecar-komisi-xi-dpr
Cirebon Timur Resmi Jadi Calon Daerah Otonomi Baru di Jabar,nasional,"Kabupaten Cirebon Timurresmi menjadi Calon Daerah Persiapan Otonomi Baru (CDPOB) atau calon daerah pemekaran baru di Jawa Barat, setelah ditetapkan oleh DPRD Jawa Barat danPemprov Jabardalam rapat paripurna Rabu (10/9) kemarin. Wakil Ketua DPRD Jabar Ono Surono dalam rapat paripurna, menyebutkan bahwa persetujuan terhadap CDPOB Cirebon Timur merupakan bagian dari upaya pemerataan pembangunan dan hasil perjuangan panjang rakyat Cirebon Timur yang sejak lama ingin menjadi kabupaten baru.  ADVERTISEMENT SCROLL TO CONTINUE WITH CONTENT ""Sejarah panjang dan pembahasan selama kurang lebih 20 tahun dari tingkat desa sampai kabupaten akhirnya hari ini menapaki babak baru di tingkat Provinsi Jawa Barat. Selanjutnya berdasarkan hal itu kami mohon persetujuan apakah usulan pembentukan CDPOB Kabupaten Cirebon Timur sebagaimana disebutkan dalam laporan Komisi I dapat disetujui,"" ucap Ono dalam rapat paripurna di Gedung DPRD Jabar. Pertanyaan itu disambut kata setuju anggota DPRD Jabar dalam rapat paripurna. Forum Cirebon Timur Mandiri yang ikut menyaksikan rapat paripurna, memberikan tepuk tangan. Selanjutnya, DPRD Jabar akan mengajukan hasil persetujuan terhadap usulan CDPOB Kabupaten Cirebon Timur ke Kementerian Dalam Negeri. Namun proses pembentukan Kabupaten Cirebon Timur masih harus menunggu dibukanya moratorium oleh Presiden RI.  Sementara itu Sekretaris Daerah (Sekda) Jabar, Herman Suryatman mengungkapkan, dengan disetujui Kabupaten Cirebon Timur sebagai CDPOB, ada 10 usulan CDPOB yang telah diajukan Pemprov Jabar kepada pemerintah pusat. ""Adapun usulan CDPOB yang sudah masuk ke pemerintah pusat sebanyak sembilan, yakni Sukabumi Utara, Bogor Barat, Garut Selatan, Indramayu Barat, Bogor Timur, Cianjur Selatan, Tasikmalaya Selatan, Garut Utara, Subang Utara. Setelah proses Cirebon Timur jumlahnya jadi 10 CDPOB,"" ujarnya. Dikutip dari detikcom, Cirebon Timur akan terdiri dari 16 kecamatan dengan luas wilayah 446,57 kilometer persegi. Kecamatan-kecamatan itu, yakni Astanajapura, Babakan, Ciledug, Gebang, Greged, Karangsembung, Karangwareng, Lemahabang, Losari, Pabedilan, Pabuaran, Pangenan, Pasaleman, Sedong, Susukan Lebak, dan Waled. Soal lokasi ibu kota, masih ada dua kandidat kuat. Bupati Cirebon dan DPRD Kabupaten Cirebon memilih Kecamatan Karangwareng sebagai pusat pemerintahan. Sedangkan DPRD Jabar dan tim riset Unpad merekomendasikan Kecamatan Karangsembung. ",https://www.cnnindonesia.com/nasional/20250911085857-32-1272420/cirebon-timur-resmi-jadi-calon-daerah-otonomi-baru-di-jabar
Tunjangan Rumah Anggota DPRD Bandung Capai Puluhan Juta per Bulan,nasional,"Masalahtunjangan rumahhingga komunikasi jumbo anggota dewan di Indonesia sedang ramai dikritik. Sama seperti anggota DPR RI, tunjangan anggota DPRDBandungmencapai angka puluhan juta dalam sebulan. Penghasilan anggota DPRD Kota Bandung tertuang dalam Perda Nomor 6 Tahun 2017. Penjabarannya kemudian termuat dalam Peraturan Wali Kota Bandung (Perwal) Nomor 22 Tahun 2024 yang memuat tentang besaran penghasilan tersebut. Dalam aturan yang dimaksud, ada 7 jenis penghasilan untuk pimpinan dan anggota DPRD Kota Bandung. Rinciannya adalah Uang representasi (gaji bulanan), tunjangan keluarga, tunjangan beras, uang paket, tunjangan jabatan, tunjangan alat kelengkapan, dan tunjangan alat kelengkapan lainnya. ADVERTISEMENT SCROLL TO CONTINUE WITH CONTENT Penghasilan ini belum termasuk dengan perhitungan pendapatan lainnya. Yakni tunjangan tunjangan komunikasi intensif dan tunjangan reses. Berikut rincian tunjangan anggota DPRD Bandung: Uang representasi (gaji): Rp 2,1 jutaTunjangan jabatan: Rp 3,045 jutaTujangan alat kelengkapan dewan (AKD): Rp 228 ribuTunjangan komunikasi: Rp 14,7 jutaTunjangan perumahan: Rp 58 jutaTunjangan Transportasi: Rp 16 juta Uang representasi (gaji): Rp 1,68 jutaTunjangan jabatan: Rp 2,436 jutaTujangan alat kelengkapan dewan (AKD): Rp 152 ribuTunjangan komunikasi: Rp 14,7 jutaTunjangan perumahan: Rp 56 jutaTunjangan Transportasi: Rp 15,5 juta Uang representasi (gaji): Rp 1,57 jutaTunjangan jabatan: Rp 2,283 jutaTujangan alat kelengkapan dewan (AKD): Rp 91,3 ribuTunjangan komunikasi: Rp 14,7 jutaTunjangan perumahan: Rp 53 jutaTunjangan Transportasi: Rp 15 juta  Penghasilan tersebut diterima para anggota DPRD Kota Bandung dalam sebulan. Selain itu, ada penghasilan lain yang diterima anggota DPRD Kota Bandung yakni tunjangan reses, dana operasional hingga kunjungan kerja serta perjalanan dinas. Ketua DPRD Kota Bandung Asep Mulyadi turut merespons soal besaran tunjangan tersebut. Ia mengaku tidak mengetahui secara detail besaran penghasilan yang diterima, dan meyakini penghasilan itu digunakan untuk keperluan masyarakat di konsituen anggota dewan masing-masing. ""Di kita sih kita langsung ketake home payaja, dan itu pun kan kita tidak ke detailnya. Dan sebagainya pastilah, teman-teman anggota DPRD juga kan di situ ada untuk partai politik, kemudian untuk kegiatan-kegiatan kemasyarakatan dan juga untuk konstituen juga,"" katanya mengutipdetikcom, Rabu (10/9). Politikus yang akrab disapa Asmul ini mengatakan, pihaknya mengacu kepada Peraturan Pemerintah (PP) soal penghasilan anggota DPRD Kota Bandung. Apapun itu kewenangannya, akan dikembalikan kepada PP tersebut. ""Ya sekali lagi, saya tidak tahu ya, kita serahkan aja dari PP seperti apa. Tentu kalau kami kan DPRD, penyelenggara pemerintahan, kemudian semuanya ada di Proses pembinaan dari Kemendagri. Semuanya diatur, kita (mengacu) ke PP dan Permendagri,"" pungkasnya. Di sisi lain, Sekretaris DPRD (Sekwan) Kota Bandung Yasa Hanafiah menegaskan bahwa tunjangan anggota DPRD, bukanlah penghasilan tambahan melainkan hak normatif yang diatur dalam peraturan perundang-undangan. ""Pemerintah Daerah Kota Bandung hanya melaksanakan amanat peraturan perundang-undangan. Jadi bukan kebijakan yang muncul begitu saja, melainkan ketentuan normatif yang berlaku secara nasional,"" kata Yasa mengutipAntara. Yasa menjelaskan bahwa untuk tunjangan perumahan diberikan khusus bagi anggota DPRD yang tidak difasilitasi rumah dinas. Besarannya ditetapkan dengan mempertimbangkan asas kewajaran, kepatutan, dan kemampuan keuangan daerah. ""Tunjangan ini bukan bentuk tambahan penghasilan semata. Pada dasarnya, anggota DPRD berhak atas rumah dinas. Karena fasilitas itu tidak tersedia, maka diberikan tunjangan perumahan sesuai standar yang berlaku,"" kata dia.  Baca berita lengkapnyadi sini.",https://www.cnnindonesia.com/nasional/20250911071605-32-1272393/tunjangan-rumah-anggota-dprd-bandung-capai-puluhan-juta-per-bulan
Menko Yusril Respons Langkah TNI Bidik Pidana Ferry Irwandi,nasional,"Menteri Koordinator Bidang Hukum, Hak Asasi Manusia, Imigrasi, dan Pemasyarakatan,Yusril Ihza Mahendramerespons langkah TNI yang mempertimbangkan akan mengambil langkah hukum terhadap CEO Malaka Project,Ferry Irwandi. ""Itu kasus lain ya. Itu nanti saja lah kita jawab ya, saya enggak menjawab kasus itu. Dan itu memang ada masalah di TNI dan mereka sudah meminta pandangan kepada Polri, ya kita lihat saja perkembangannya,"" kata Yusril kepada wartawan di Makassar, Rabu (10/9). Menurut Yusril, pihaknya baru akan bersikap setelah ada laporan resmi yang diteruskan kepada kementerian maupun lembaga terkait. ADVERTISEMENT SCROLL TO CONTINUE WITH CONTENT ""Nanti ujung-ujungnya juga kan akan disampaikan kepada kami, juga kepada Kementerian Hukum dan Kementerian Koordinator yang menangani masalah hukum,"" ujarnya.  Yusril mengatakan akan segera melakukan analisa dan menyarankan langkah-langkah dalam penyelesaian perkara kalau TNI resmi mempolisikan Ferry Irwandi. ""Saya kira nanti akan disampaikan, kalau memang nanti sudah disampaikan kita akan analisis dan memberikan satu saran bagaimana menyelesaikan hal itu,"" jelasnya. Sebelumnya, rencana pelaporan itu diawali kedatangan Dansatsiber TNI Brigjen Juinta Omboh Sembiring, Danpuspom TNI Mayjen Yusri Nuryanto, Kapuspen TNI Brigjen Freddy Ardianzah, ke Polda Metro Jaya pada Senin (8/9). Sembiring menjelaskan dalam kunjungannya itu mereka berkonsultasi terkait dugaan tindak pidana Ferry Irwandi yang ditemukan dari hasil patroli siber. ""Konsultasi kami ini terkait dengan kami menemukan hasil dari patroli siber terdapat, kami temukan beberapa fakta-fakta dugaan tindak pidana yang dilakukan oleh saudara Ferry Irwandi,"" jelasnya.  Terbaru, Kepala Pusat Penerangan TNI Brigjen Freddy Ardianzah menyinggung adanya putusan Mahkamah Konstitusi (MK) yang menyatakan pencemaran nama baik tidak bisa dilaporkan institusi. ""Dengan adanya keputusan MK 105/ 2024 tersebut, TNI juga akan menimbang secara cermat langkah-langkah hukum yang sesuai dengan aturan yang berlaku,"" kata Freddy saat dihubungi, Rabu (10/9). Ia menjelaskan pada Senin lalu, TNI masih dalam tahap konsultasi hukum dengan Polda Metro terkait pernyataan maupun tindakan Ferry Irwandi.  Di tempat yang sama Yusril merespons desakan sejumlah pihak agar Presiden Prabowo Subianto membentuk tim pencari fakta (TPF) terkait demonstrasi berujung kerusuhan yang terjadi September lalu. Menurut Yusril, pemerintah saat ini telah mengambil langkah hukum yang konkret sehingga pembentukan TPF dinilai tidak mendesak. ""Ya, kita dengarkan dan kita simak baik-baik apa yang menjadi usulan dan saran dari rakyat kita tentang hal ini. Biasanya tim pencari fakta itu dibentuk kalau memang tidak ada langkah nyata dan konkret yang dilakukan oleh pemerintah,"" kata Yusril. ""Langkah hukum lah yang harus ditempuh, dan sejak itu semua bergerak,"" tambahnya. Yusril menuturkan sudah melakukan pengecekan langsung di Polda Metro Jaya untuk memastikan penanganan hukum berjalan. Hingga kini, sebanyak 68 orang telah diamankan dan ditahan terkait kerusuhan tersebut. ""Faktanya sudah ada, bukti-bukti sudah ada, pelakunya sudah ditangkap. Jadi langkahnya itu lebih konkret dilakukan daripada membentuk tim yang masih mencari-cari,"" jelasnya.   ",https://www.cnnindonesia.com/nasional/20250911063111-12-1272380/menko-yusril-respons-langkah-tni-bidik-pidana-ferry-irwandi
Warga Bali Tewas Tersetrum Listrik saat Banjir Kepung Jembrana,nasional,"Warga bernama Komang Oka Sudiastawa (38), ditemukan tewas diduga karena tersetrum listrik saatbanjirmengepung wilayah Kabupaten Jembrana,Bali, Rabu (10/9) dini hari. Kapolsek Kota Jembrana, Ipda I Ngurah Agus Dwi Widiatmika membenarkan korban tewas tersetrum listrik saat terjadi banjir. ""Diduga seperti itu,"" kata Ipda Widiatmika. ADVERTISEMENT SCROLL TO CONTINUE WITH CONTENT Korban ditemukan tewas di depan rumahnya di Desa Dangintukaya, Kabupaten Jembrana, Bali, sekitar pukul 04:30 WITA.  Agus mengungkapkan Komang awalnya keluar rumah sekitar pukul 03.00 WITA. Kemudian, karena tak kunjung kembali, salah satu keluarga korban pun mencari keberadaannya. ""Sekira pukul 04.30 Wita, korban ditemukan sudah dalam kondisi telungkup tergenang air di gerbang pintu rumah,"" imbuhnya. Selanjutnya, korban dibawa ke Rumah Sakit Bali Med di Jembrana, dan oleh petugas medis, korban dinyatakan meninggal dunia. ""Dan dari pihak Rumah Sakit Bali Med korban dinyatakan telah meninggal dunia. Atas musibah ini keluarga menerima kematian korban dengan ikhlas,"" ujarnya. Kepala Badan Nasional Penanggulangan Bencana (BNPB) Letjen TNI Suharyanto mengatakan Pemerintah Provinsi Bali telah menetapkan Tanggap Darurat Bencana selama satu minggu atau satu pekan usai dilanda banjir di sejumlah titik, Rabu kemarin. ""Betul. Jadi Bapak Gubernur malam ini sudah keluarkan dan tanda tangan. Tadi diskusi, semula tanggap darurat bencana itu akan ditetapkan dua Minggu. Tapi karena sifat bencananya ternyata tidak terlalu besar, maka akan diralat cukup menjadi satu minggu,"" kata Suharyanto.  ""Sehingga, nanti langsung kita melakukan langkah-langkah untuk perbaikan, rehabilitasi, rekonstruksi pascabencana,"" imbuhnya. Sementara, untuk saat ini dari data yang dia dapat ada sebanyak 9 orang yang meninggal dunia akibat banjir yang melanda Pulau Bali di sejumlah titik. ""Untuk di Bali sendiri per malam ini yang meninggal dunia ada 9 orang. Kemudian yang masih hilang ada 6 orang,"" kata Letjen TNI Suharyanto Dia mengatakan untuk 6 orang korban yang masih hilang akan terus dilakukan upaya pencarian oleh tim gabungan di Pulau Bali. ",https://www.cnnindonesia.com/nasional/20250911080346-20-1272414/warga-bali-tewas-tersetrum-listrik-saat-banjir-kepung-jembrana
"Jejak Rahayu Saraswati, Keponakan Prabowo yang Mundur dari Anggota DPR",nasional,"Rahayu Saraswati Djojohadikusumomengundurkan diri sebagai anggotaDPR RIdari Fraksi Partai Gerindra periode 2024-2029. Ia menyampaikan pernyataan mundur sebagai anggota DPR periode 2024-2029 itu lewat akun Instagramnya pada Rabu (10/9). ""Dengan ini saya menyatakan pengunduran diri saya sebagai anggota DPR RI kepada Fraksi Gerindra,"" kata Sara lewat unggahan di akun Instagramnya, Rabu (10/9). Sara tak mengungkap dengan jelas alasan pengunduran dirinya. Namun, ia menyampaikan permintaan maaf atas pernyataannya yang sempat menjadi sorotan pada 28 Februari 2025 lalu. ADVERTISEMENT SCROLL TO CONTINUE WITH CONTENT Pernyataan itu ialah saat ia mengajak masyarakat untuk menjadi pengusaha ketimbang bersandar pada pemerintah. Sara menilai pernyataan itu sengaja dipotong untuk memancing amarah di tengah masyarakat pada Agustus lalu.  Padahal, ia tak bermaksud meremehkan masyarakat, khususnya anak muda yang mau menjadi pengusaha. Sara merupakan keponakan dari Presiden RI Prabowo Subianto. Sara merupakan putri dari Hashim Djojohadikusumo yang merupakan adik kandung Prabowo. Sara juga merupakan sepupu dari Wamenkeu Thomas Djiwandono dan Ketua Fraksi Partai Gerindra Budisatrio Djiwandono yang merupakan putra dari Bianti Djiwandono, kakak Prabowo dan Hashim. Sara duduk sebagai anggota Komisi VII DPR. Ia terpilih sebagai anggota DPR dari Dapil Jakarta III meliputi Jakarta Utara, Jakarta Barat, dan Kepulauan Seribu pada Pemilu 2024. Ini merupakan kedua kalinya Sara duduk sebagai anggota DPR. Ia juga pernah duduk sebagai anggota DPR periode 2014-2019. Saat itu ia terpilih dari Dapil Jawa Tengah IV. Pada periode selanjutnya, yakni di Pemilu Legislatif 2019, Sara kembali mencalonkan diri, namun ia gagal melenggang ke Senayan. Karier politik Sara pun berlanjut, ia maju di kancah pemilihan kepala daerah. Ia maju sebagai calon Wakil Wali Kota Tangerang Selatan di Pilkada 2020. Saat itu, Sara maju bersama Muhamad, mereka menantang petahana Benyamin Davnie. Muhamad-Sara mendapatkan dukungan dari sembilan partai politik, mulai dari PDIP, Gerindra, PSI, hingga PAN. Namun, Muhamad-Sara gagal memenangkan kontestasi.  Dalam kancah kontestasi politik, Sara pun kembali maju sebagai anggota DPR di Pileg 2024 hingga akhirnya terpilih, saat itu ia juga aktif dalam TKN Prabowo-Gibran, menjabat sebagai Wakil Komandan TKN Fanta. Dalam internal partai, Sara menjabat sebagai Wakil Ketua Umum Partai Gerindra. Selain itu, ia juga aktif di organisasi sayap Gerindra, yakni Tunas Indonesia Raya (Tidar), Sara menjabat sebagai ketua umum. Selain di kancah politik, Sara juga terkenal sebagai aktivis yang menentang praktek perdagangan orang. Sara merupakan inisiator sekaligus Ketua Umum JarNas Anti TPPO. Pada awal menjabat sebagai anggota DPR, sekitar Oktober 2024 lalu, Sara sempat menjadi sorotan karena mengawal kasus polemik pemecatan Ipda Rudy Soik usai membongkar mafia BBM di NTT. Saat itu Sara hadir dalam rapat dengar pendapat (RDP) Komisi III DPR membahas isu tersebut. Dalam rapat itu, Sara hadir mewakili organisasinya membela Ipda Rudy Soik yang tengah menempuh jalur hukum usai dipecat sebagai anggota Polri. Saat itu, Ipda Rudy Soik dipecat dari kepolisian beberapa saat setelah menyelidiki kasus mafia BBM subsidi jenis solar di NTT. Ia diberhentikan tidak hormat atau PTDH. Pada kesempatan itu, Sara menegaskan kehadirannya ingin membela Rudy yang dinilai telah mengalami tindakan sewenang-wenang. Dia mengaku mengenal Rudy sejak bertahun-tahun lalu sebagai aktivis anti TPPO. ",https://www.cnnindonesia.com/nasional/20250911061812-32-1272368/jejak-rahayu-saraswati-keponakan-prabowo-yang-mundur-dari-anggota-dpr
Rupiah Menguat Tipis ke Rp16.454 Pagi Ini,ekonomi,"Nilai tukar rupiahbertengger di Rp16.454 perdolar ASpada Kamis (11/9) pagi. Mata uang Garuda naik 15 poin atau plus 0,09 persen. Mata uang Asia menguat.Peso Filipina plus 0,07 persen, ringgit Malaysia naik 0,01 persen, yuan China naik 0,04 persen, dan dolar Singapura naik 0,01 persen. Sedangkan, mata uang utama negara maju dibuka bervariasi. Euro Eropa menguat 0,02 persen, franc Swiss naik 0,03 persen, dan dolar Kanada minus 0,03 persen. ADVERTISEMENT SCROLL TO CONTINUE WITH CONTENT Analis Doo Financial Futures Lukman Leong mengatakan rupiah berkonsolidasi dengan potensi menguat terbatas terhadap dolar AS setelah data inflasi produsen AS yang lebih rendah dari perkiraan. ""Ini meningkatkan prospek pemangkasan suku bunga oleh The Fed,"" katanya pada CNNIndonesia.com. Ia memperkirakan rupiah bergerak di kisaran Rp16.400 sampai Rp16.500 per dolar AS pada hari ini. [Gambas:Video CNN] ",https://www.cnnindonesia.com/ekonomi/20250911085726-78-1272417/rupiah-menguat-tipis-ke-rp16454-pagi-ini
Update Terkini Korban Tewas dan Hilang Bencana Banjir di Bali-NTT,nasional,"Bencanabanjir besarhingga longsor terjadi di wilayah Bali dan Nusa Tenggara Timur (NTT) pada tengah pekan ini. Banjir bandang dan tanah longsor terjadi di Kabupaten Nagekeo, NTT, Selasa (9/9). Sehari kemudian, banjir bandang terjadi di Bali, termasuk ibu kota provinsi yakni Denpasar.  ADVERTISEMENT SCROLL TO CONTINUE WITH CONTENT Empat korban hilang akibat bencana banjir bandang dan tanah longsor di Kabupaten Nagekeo, Nusa Tenggara Timur hingga Rabu (10/9) sore belum ditemukan. Pada hari kedua pencarian oleh petugas gabungan dari kantor pencarian dan pertolongan (SAR) Maumere Polres Nagekeo dan TNI belum berhasil menemukan keempat korban yang terdiri dari dua orang dewasa dan dua  bayi. ""Tim SAR Gabungan pada hari ini, Rabu, 10 September 2025 telah melaksanakan pencarian terhadap keempat korban dengan hasil masih nihil, pencarian telah dilaksanakan pada pukul 07.00 Wita hingga Pukul 17.30 Wita,"" kata Kepala Kantor SAR Maumere, Fathur Rahman dalam keterangannya Rabu petang. Dia menyatakan pada hari kedua proses pencarian terhadap empat korban yang hilang difokuskan di aliran sungai Desa Sawu, Kecamatan Mauponggo, Kabupaten Nagekeo hingga ke Muara sejauh 2,13 kilometer. ""Pencarian difokuskan di aliran sungai Desa Sawu, Kecamatan Mauponggo, Kabupaten Nagekeo hingga ke Muara sejauh 2.13 Kilometer,"" ujarnya. Fathur menjelaskan pada pencarian hari kedua, tim SAR gabungan di Nagekeo mendapatkan penambahan dari Rescuer Kantor SAR Maumere sebanyak tujuh orang untuk membantu jalannya operasi SAR tersebut. Dia mengatakan proses pencarian akan kembali dilakukan pada Kamis (11/9) ini. ""Besok [Kamis] pencarian hari pada pencarian Hari ketiga, kita semua berharap bahwa seluruh korban dapat ditemukan oleh Tim SAR Gabungan,"" ujar Fathur. Plt Kepala Pelaksana (Kalak) Badan Penanggulangan Bencana Daerah (BPBD) Provinsi NTT, Semuel Halundaka Rabu malam menyatakan ada tambahan korban meninggal dunia akibat bencana tersebut. ""Hasil Koordinasi dengan Kalak BPBD Nagekeo, korban yang ditemukan meninggal empat orang dan hilang empat orang. Jumlah delapan, terjadi penambahan,"" ujar Semuel Sementara itu, tiga jenazah korban meninggal yang ditemukan pada Selasa lalu akibat diterjang banjir bandang sudah dimakamkan pada Rabu siang oleh keluarga masing-masing. Dilaporkan sebelumnya telah terjadi bencana banjir bandang dan tanah longsor di Kecamatan Mauponggo, Kabupaten Nagekeo,pada Selasa (9/9) dinihari sekitar pukul 02.00 wita. Bencana tersebut telah merenggut tiga nyawa dan empat orang dinyatakan hilang. Selain itu tanah longsor juga mengakibatkan ruas jalan dari Kecamatan Boawae ke Mauponggo terputus total akibat tertimbun material longsoran. Kapolres Nagekeo AKBP. Rahcmad Muchamad Salili mengatakan ada sekitar tujuh titik longsor yang mengakibatkan arus lalu lintas terputus total. Selain memutus akses transportasi darat, tanah longsor tersebut juga telah mengakibatkan satu desa yakni Desa Sawu, Kecamatan Mauponggo saat ini terisolasi.  Sementara itu, Kepala Badan Nasional Penanggulangan Bencana (BNPB) Letjen TNI Suharyanto mengatakan Pemerintah Provinsi Bali telah menetapkan Tanggap Darurat Bencana selama satu minggu atau satu pekan usai dilanda banjir di sejumlah titik, Rabu kemarin. ""Betul. Jadi Bapak Gubernur malam ini sudah keluarkan dan tanda tangan. Tadi diskusi, semula tanggap darurat bencana itu akan ditetapkan dua Minggu. Tapi karena sifat bencananya ternyata tidak terlalu besar, maka akan diralat cukup menjadi satu minggu,"" kata Suharyanto usai mengikuti Rapat Koordinasi Banjir Provinsi Bali yang digelar di Kerta Sabha, Rumah Dinas Gubernur Bali, Denpasar, Rabu malam. ""Sehingga, nanti langsung kita melakukan langkah-langkah untuk perbaikan, rehabilitasi, rekonstruksi pascabencana,"" imbuhnya. Sementara, untuk saat ini dari data yang dia dapat ada sebanyak 9 orang yang meninggal dunia akibat banjir yang melanda Pulau Bali di sejumlah titik. ""Untuk di Bali sendiri per malam ini yang meninggal dunia ada 9 orang. Kemudian yang masih hilang ada 6 orang,"" kata Letjen TNI Suharyanto Dia mengatakan untuk 6 orang korban yang masih hilang akan terus dilakukan upaya pencarian oleh tim gabungan di Pulau Bali. Tim gabungan yang dipimpin Basarnas Bali sudah menurunkan 100 personel lebih untuk melakukan pencarian hingga malam ini dan yang belum ditemukan ada 6 orang yang masih hilang. ""Ada 6 orang yang hilang. Tetapi mulai besok jam 7 pagi ini akan mulai dicari lagi, sampai betul-betul yang 6 orang yang masih hilang ini akan ditemukan,"" imbuhnya.   Selain itu, untuk Rabu malam, tinggi banjir sudah mulai turun atau relatif normal. Dan bisa diatasi serta genangan air sudah mulai turun di sejumlah titik banjir di wilayah Pulau Bali. ""Apalagi tadi dari BWS (Balai Wilayah Sungai) juga sudah menyampaikan, tinggi (bukaan) air sungai-sungai yang mengakibatkan banjir per malam ini pukul 21.00 WITA, sudah kembali normal. Kemudian banjir ini disebabkan oleh curah hujan yang sangat tinggi akibat ada fenomena alam gelombang Rossby-Kelvin,"" ujarnya. Selain itu, pihaknya juga sudah berkoordinasi dengan BMKG dan beberapa hari ini dapat dipastikan atau diperkirakan curah hujan yang diakibatkan gelombang Rossby-Kelvin. ""Jadi yang memang harus kita intervensi adalah sekarang justru Jawa Timur, Jawa Tengah, dan Jawa Barat. Dan kami juga sudah berkoordinasi dengan para kepala daerah di tiga provinsi itu untuksegera siap-siaga dan melaksanakan operasi modifikasi cuaca,"" ujarnya. Sebelumnya, banjir merendam 43 titik di wilayah Kota Denpasar dan Kabupaten Badung, Bali, pada Rabu (10/9) pagi, banjir juga terjadi di sejumlah titik di wilayah Kabupaten Jembrana, Bali, dan di wilayah lainnya di Pulau Bali.  ",https://www.cnnindonesia.com/nasional/20250911035531-20-1272358/update-terkini-korban-tewas-dan-hilang-bencana-banjir-di-bali-ntt
