no,page,link_keluar
1,https://pta.trunojoyo.ac.id/c_search/byprod/1/1,https://pta.trunojoyo.ac.id/welcome/detail/080111100012
2,https://pta.trunojoyo.ac.id/c_search/byprod/1/1,https://pta.trunojoyo.ac.id/welcome/detail/080111100002
3,https://pta.trunojoyo.ac.id/c_search/byprod/1/1,https://pta.trunojoyo.ac.id/welcome/detail/070111100060
4,https://pta.trunojoyo.ac.id/c_search/byprod/1/1,https://pta.trunojoyo.ac.id/welcome/detail/090111100077
5,https://pta.trunojoyo.ac.id/c_search/byprod/1/1,https://pta.trunojoyo.ac.id/welcome/detail/070111200007
6,https://pta.trunojoyo.ac.id/c_search/byprod/1/2,https://pta.trunojoyo.ac.id/welcome/detail/070111100093
7,https://pta.trunojoyo.ac.id/c_search/byprod/1/2,https://pta.trunojoyo.ac.id/welcome/detail/080111100029
8,https://pta.trunojoyo.ac.id/c_search/byprod/1/2,https://pta.trunojoyo.ac.id/welcome/detail/080111100011
9,https://pta.trunojoyo.ac.id/c_search/byprod/1/2,https://pta.trunojoyo.ac.id/welcome/detail/080111100023
10,https://pta.trunojoyo.ac.id/c_search/byprod/1/2,https://pta.trunojoyo.ac.id/welcome/detail/080111100007
11,https://pta.trunojoyo.ac.id/c_search/byprod/1/3,https://pta.trunojoyo.ac.id/welcome/detail/080111100047
12,https://pta.trunojoyo.ac.id/c_search/byprod/1/3,https://pta.trunojoyo.ac.id/welcome/detail/080111100082
13,https://pta.trunojoyo.ac.id/c_search/byprod/1/3,https://pta.trunojoyo.ac.id/welcome/detail/080111100054
14,https://pta.trunojoyo.ac.id/c_search/byprod/1/3,https://pta.trunojoyo.ac.id/welcome/detail/090111100053
15,https://pta.trunojoyo.ac.id/c_search/byprod/1/3,https://pta.trunojoyo.ac.id/welcome/detail/090111100003
16,https://pta.trunojoyo.ac.id/c_search/byprod/2/1,https://pta.trunojoyo.ac.id/welcome/detail/080331100016
17,https://pta.trunojoyo.ac.id/c_search/byprod/2/1,https://pta.trunojoyo.ac.id/welcome/detail/080331100063
18,https://pta.trunojoyo.ac.id/c_search/byprod/2/1,https://pta.trunojoyo.ac.id/welcome/detail/080331100014
19,https://pta.trunojoyo.ac.id/c_search/byprod/2/1,https://pta.trunojoyo.ac.id/welcome/detail/080331100005
20,https://pta.trunojoyo.ac.id/c_search/byprod/2/1,https://pta.trunojoyo.ac.id/welcome/detail/080331100040
21,https://pta.trunojoyo.ac.id/c_search/byprod/2/2,https://pta.trunojoyo.ac.id/welcome/detail/080331100012
22,https://pta.trunojoyo.ac.id/c_search/byprod/2/2,https://pta.trunojoyo.ac.id/welcome/detail/080331100057
23,https://pta.trunojoyo.ac.id/c_search/byprod/2/2,https://pta.trunojoyo.ac.id/welcome/detail/080331100069
24,https://pta.trunojoyo.ac.id/c_search/byprod/2/2,https://pta.trunojoyo.ac.id/welcome/detail/080331100022
25,https://pta.trunojoyo.ac.id/c_search/byprod/2/2,https://pta.trunojoyo.ac.id/welcome/detail/080331100019
26,https://pta.trunojoyo.ac.id/c_search/byprod/2/3,https://pta.trunojoyo.ac.id/welcome/detail/080331100047
27,https://pta.trunojoyo.ac.id/c_search/byprod/2/3,https://pta.trunojoyo.ac.id/welcome/detail/070331100011
28,https://pta.trunojoyo.ac.id/c_search/byprod/2/3,https://pta.trunojoyo.ac.id/welcome/detail/080331100051
29,https://pta.trunojoyo.ac.id/c_search/byprod/2/3,https://pta.trunojoyo.ac.id/welcome/detail/070331100024
30,https://pta.trunojoyo.ac.id/c_search/byprod/2/3,https://pta.trunojoyo.ac.id/welcome/detail/090331100008
31,https://pta.trunojoyo.ac.id/c_search/byprod/3/1,https://pta.trunojoyo.ac.id/welcome/detail/080321100002
32,https://pta.trunojoyo.ac.id/c_search/byprod/3/1,https://pta.trunojoyo.ac.id/welcome/detail/070321100003
33,https://pta.trunojoyo.ac.id/c_search/byprod/3/1,https://pta.trunojoyo.ac.id/welcome/detail/080321100001
34,https://pta.trunojoyo.ac.id/c_search/byprod/3/1,https://pta.trunojoyo.ac.id/welcome/detail/070321100019
35,https://pta.trunojoyo.ac.id/c_search/byprod/3/1,https://pta.trunojoyo.ac.id/welcome/detail/080321100023
36,https://pta.trunojoyo.ac.id/c_search/byprod/3/2,https://pta.trunojoyo.ac.id/welcome/detail/080321100009
37,https://pta.trunojoyo.ac.id/c_search/byprod/3/2,https://pta.trunojoyo.ac.id/welcome/detail/080321100025
38,https://pta.trunojoyo.ac.id/c_search/byprod/3/2,https://pta.trunojoyo.ac.id/welcome/detail/090321100002
39,https://pta.trunojoyo.ac.id/c_search/byprod/3/2,https://pta.trunojoyo.ac.id/welcome/detail/090321100019
40,https://pta.trunojoyo.ac.id/c_search/byprod/3/2,https://pta.trunojoyo.ac.id/welcome/detail/090321100001
41,https://pta.trunojoyo.ac.id/c_search/byprod/3/3,https://pta.trunojoyo.ac.id/welcome/detail/090321100023
42,https://pta.trunojoyo.ac.id/c_search/byprod/3/3,https://pta.trunojoyo.ac.id/welcome/detail/090321100018
43,https://pta.trunojoyo.ac.id/c_search/byprod/3/3,https://pta.trunojoyo.ac.id/welcome/detail/090321100005
44,https://pta.trunojoyo.ac.id/c_search/byprod/3/3,https://pta.trunojoyo.ac.id/welcome/detail/090321100006
45,https://pta.trunojoyo.ac.id/c_search/byprod/3/3,https://pta.trunojoyo.ac.id/welcome/detail/090321100015
46,https://pta.trunojoyo.ac.id/c_search/byprod/4/1,https://pta.trunojoyo.ac.id/welcome/detail/080311100005
47,https://pta.trunojoyo.ac.id/c_search/byprod/4/1,https://pta.trunojoyo.ac.id/welcome/detail/080311100016
48,https://pta.trunojoyo.ac.id/c_search/byprod/4/1,https://pta.trunojoyo.ac.id/welcome/detail/080311100004
49,https://pta.trunojoyo.ac.id/c_search/byprod/4/1,https://pta.trunojoyo.ac.id/welcome/detail/080311100030
50,https://pta.trunojoyo.ac.id/c_search/byprod/4/1,https://pta.trunojoyo.ac.id/welcome/detail/080311100024
51,https://pta.trunojoyo.ac.id/c_search/byprod/4/2,https://pta.trunojoyo.ac.id/welcome/detail/080311100028
52,https://pta.trunojoyo.ac.id/c_search/byprod/4/2,https://pta.trunojoyo.ac.id/welcome/detail/080311100006
53,https://pta.trunojoyo.ac.id/c_search/byprod/4/2,https://pta.trunojoyo.ac.id/welcome/detail/080311100001
54,https://pta.trunojoyo.ac.id/c_search/byprod/4/2,https://pta.trunojoyo.ac.id/welcome/detail/080311100003
55,https://pta.trunojoyo.ac.id/c_search/byprod/4/2,https://pta.trunojoyo.ac.id/welcome/detail/090311100009
56,https://pta.trunojoyo.ac.id/c_search/byprod/4/3,https://pta.trunojoyo.ac.id/welcome/detail/070311100006
57,https://pta.trunojoyo.ac.id/c_search/byprod/4/3,https://pta.trunojoyo.ac.id/welcome/detail/090311100002
58,https://pta.trunojoyo.ac.id/c_search/byprod/4/3,https://pta.trunojoyo.ac.id/welcome/detail/090311100001
59,https://pta.trunojoyo.ac.id/c_search/byprod/4/3,https://pta.trunojoyo.ac.id/welcome/detail/090311100022
60,https://pta.trunojoyo.ac.id/c_search/byprod/4/3,https://pta.trunojoyo.ac.id/welcome/detail/090311100011
61,https://pta.trunojoyo.ac.id/c_search/byprod/5/1,https://pta.trunojoyo.ac.id/welcome/detail/080341100042
62,https://pta.trunojoyo.ac.id/c_search/byprod/5/1,https://pta.trunojoyo.ac.id/welcome/detail/080341100035
63,https://pta.trunojoyo.ac.id/c_search/byprod/5/1,https://pta.trunojoyo.ac.id/welcome/detail/070341100018
64,https://pta.trunojoyo.ac.id/c_search/byprod/5/1,https://pta.trunojoyo.ac.id/welcome/detail/080341100014
65,https://pta.trunojoyo.ac.id/c_search/byprod/5/1,https://pta.trunojoyo.ac.id/welcome/detail/070341100028
66,https://pta.trunojoyo.ac.id/c_search/byprod/5/2,https://pta.trunojoyo.ac.id/welcome/detail/080341100023
67,https://pta.trunojoyo.ac.id/c_search/byprod/5/2,https://pta.trunojoyo.ac.id/welcome/detail/080341100029
68,https://pta.trunojoyo.ac.id/c_search/byprod/5/2,https://pta.trunojoyo.ac.id/welcome/detail/080341100007
69,https://pta.trunojoyo.ac.id/c_search/byprod/5/2,https://pta.trunojoyo.ac.id/welcome/detail/070341100031
70,https://pta.trunojoyo.ac.id/c_search/byprod/5/2,https://pta.trunojoyo.ac.id/welcome/detail/070341100034
71,https://pta.trunojoyo.ac.id/c_search/byprod/5/3,https://pta.trunojoyo.ac.id/welcome/detail/070341100022
72,https://pta.trunojoyo.ac.id/c_search/byprod/5/3,https://pta.trunojoyo.ac.id/welcome/detail/070341100023
73,https://pta.trunojoyo.ac.id/c_search/byprod/5/3,https://pta.trunojoyo.ac.id/welcome/detail/090341100028
74,https://pta.trunojoyo.ac.id/c_search/byprod/5/3,https://pta.trunojoyo.ac.id/welcome/detail/070341100002
75,https://pta.trunojoyo.ac.id/c_search/byprod/5/3,https://pta.trunojoyo.ac.id/welcome/detail/080341100026
76,https://pta.trunojoyo.ac.id/c_search/byprod/6/1,https://pta.trunojoyo.ac.id/welcome/detail/080231100031
77,https://pta.trunojoyo.ac.id/c_search/byprod/6/1,https://pta.trunojoyo.ac.id/welcome/detail/080231100013
78,https://pta.trunojoyo.ac.id/c_search/byprod/6/1,https://pta.trunojoyo.ac.id/welcome/detail/080231100007
79,https://pta.trunojoyo.ac.id/c_search/byprod/6/1,https://pta.trunojoyo.ac.id/welcome/detail/080231100020
80,https://pta.trunojoyo.ac.id/c_search/byprod/6/1,https://pta.trunojoyo.ac.id/welcome/detail/080231100049
81,https://pta.trunojoyo.ac.id/c_search/byprod/6/2,https://pta.trunojoyo.ac.id/welcome/detail/080231100023
82,https://pta.trunojoyo.ac.id/c_search/byprod/6/2,https://pta.trunojoyo.ac.id/welcome/detail/060231100126
83,https://pta.trunojoyo.ac.id/c_search/byprod/6/2,https://pta.trunojoyo.ac.id/welcome/detail/080231100021
84,https://pta.trunojoyo.ac.id/c_search/byprod/6/2,https://pta.trunojoyo.ac.id/welcome/detail/070231100062
85,https://pta.trunojoyo.ac.id/c_search/byprod/6/2,https://pta.trunojoyo.ac.id/welcome/detail/080231100044
86,https://pta.trunojoyo.ac.id/c_search/byprod/6/3,https://pta.trunojoyo.ac.id/welcome/detail/060231100159
87,https://pta.trunojoyo.ac.id/c_search/byprod/6/3,https://pta.trunojoyo.ac.id/welcome/detail/080231100015
88,https://pta.trunojoyo.ac.id/c_search/byprod/6/3,https://pta.trunojoyo.ac.id/welcome/detail/080231100053
89,https://pta.trunojoyo.ac.id/c_search/byprod/6/3,https://pta.trunojoyo.ac.id/welcome/detail/070231100035
90,https://pta.trunojoyo.ac.id/c_search/byprod/6/3,https://pta.trunojoyo.ac.id/welcome/detail/070231100018
91,https://pta.trunojoyo.ac.id/c_search/byprod/7/1,https://pta.trunojoyo.ac.id/welcome/detail/080211100070
92,https://pta.trunojoyo.ac.id/c_search/byprod/7/1,https://pta.trunojoyo.ac.id/welcome/detail/090211200001
93,https://pta.trunojoyo.ac.id/c_search/byprod/7/1,https://pta.trunojoyo.ac.id/welcome/detail/080211100050
94,https://pta.trunojoyo.ac.id/c_search/byprod/7/1,https://pta.trunojoyo.ac.id/welcome/detail/100211200002
95,https://pta.trunojoyo.ac.id/c_search/byprod/7/1,https://pta.trunojoyo.ac.id/welcome/detail/080211100044
96,https://pta.trunojoyo.ac.id/c_search/byprod/7/2,https://pta.trunojoyo.ac.id/welcome/detail/080211100119
97,https://pta.trunojoyo.ac.id/c_search/byprod/7/2,https://pta.trunojoyo.ac.id/welcome/detail/080211100103
98,https://pta.trunojoyo.ac.id/c_search/byprod/7/2,https://pta.trunojoyo.ac.id/welcome/detail/080211100098
99,https://pta.trunojoyo.ac.id/c_search/byprod/7/2,https://pta.trunojoyo.ac.id/welcome/detail/090211100079
100,https://pta.trunojoyo.ac.id/c_search/byprod/7/2,https://pta.trunojoyo.ac.id/welcome/detail/090211100089
101,https://pta.trunojoyo.ac.id/c_search/byprod/7/3,https://pta.trunojoyo.ac.id/welcome/detail/090211100013
102,https://pta.trunojoyo.ac.id/c_search/byprod/7/3,https://pta.trunojoyo.ac.id/welcome/detail/090211100020
103,https://pta.trunojoyo.ac.id/c_search/byprod/7/3,https://pta.trunojoyo.ac.id/welcome/detail/090211100064
104,https://pta.trunojoyo.ac.id/c_search/byprod/7/3,https://pta.trunojoyo.ac.id/welcome/detail/090211100055
105,https://pta.trunojoyo.ac.id/c_search/byprod/7/3,https://pta.trunojoyo.ac.id/welcome/detail/090211100018
106,https://pta.trunojoyo.ac.id/c_search/byprod/8/1,https://pta.trunojoyo.ac.id/welcome/detail/080221100062
107,https://pta.trunojoyo.ac.id/c_search/byprod/8/1,https://pta.trunojoyo.ac.id/welcome/detail/080221100009
108,https://pta.trunojoyo.ac.id/c_search/byprod/8/1,https://pta.trunojoyo.ac.id/welcome/detail/080221100118
109,https://pta.trunojoyo.ac.id/c_search/byprod/8/1,https://pta.trunojoyo.ac.id/welcome/detail/080221100007
110,https://pta.trunojoyo.ac.id/c_search/byprod/8/1,https://pta.trunojoyo.ac.id/welcome/detail/080221100013
111,https://pta.trunojoyo.ac.id/c_search/byprod/8/2,https://pta.trunojoyo.ac.id/welcome/detail/080221100106
112,https://pta.trunojoyo.ac.id/c_search/byprod/8/2,https://pta.trunojoyo.ac.id/welcome/detail/080221100100
113,https://pta.trunojoyo.ac.id/c_search/byprod/8/2,https://pta.trunojoyo.ac.id/welcome/detail/080221100046
114,https://pta.trunojoyo.ac.id/c_search/byprod/8/2,https://pta.trunojoyo.ac.id/welcome/detail/050221100411
115,https://pta.trunojoyo.ac.id/c_search/byprod/8/2,https://pta.trunojoyo.ac.id/welcome/detail/060221100484
116,https://pta.trunojoyo.ac.id/c_search/byprod/8/3,https://pta.trunojoyo.ac.id/welcome/detail/060221100445
117,https://pta.trunojoyo.ac.id/c_search/byprod/8/3,https://pta.trunojoyo.ac.id/welcome/detail/080221100088
118,https://pta.trunojoyo.ac.id/c_search/byprod/8/3,https://pta.trunojoyo.ac.id/welcome/detail/090221100080
119,https://pta.trunojoyo.ac.id/c_search/byprod/8/3,https://pta.trunojoyo.ac.id/welcome/detail/080221100097
120,https://pta.trunojoyo.ac.id/c_search/byprod/8/3,https://pta.trunojoyo.ac.id/welcome/detail/080221100016
121,https://pta.trunojoyo.ac.id/c_search/byprod/9/1,https://pta.trunojoyo.ac.id/welcome/detail/080421100005
122,https://pta.trunojoyo.ac.id/c_search/byprod/9/1,https://pta.trunojoyo.ac.id/welcome/detail/080421100087
123,https://pta.trunojoyo.ac.id/c_search/byprod/9/1,https://pta.trunojoyo.ac.id/welcome/detail/080421100019
124,https://pta.trunojoyo.ac.id/c_search/byprod/9/1,https://pta.trunojoyo.ac.id/welcome/detail/080421100055
125,https://pta.trunojoyo.ac.id/c_search/byprod/9/1,https://pta.trunojoyo.ac.id/welcome/detail/080421100046
126,https://pta.trunojoyo.ac.id/c_search/byprod/9/2,https://pta.trunojoyo.ac.id/welcome/detail/080421100079
127,https://pta.trunojoyo.ac.id/c_search/byprod/9/2,https://pta.trunojoyo.ac.id/welcome/detail/080421100084
128,https://pta.trunojoyo.ac.id/c_search/byprod/9/2,https://pta.trunojoyo.ac.id/welcome/detail/080421100008
129,https://pta.trunojoyo.ac.id/c_search/byprod/9/2,https://pta.trunojoyo.ac.id/welcome/detail/080421100006
130,https://pta.trunojoyo.ac.id/c_search/byprod/9/2,https://pta.trunojoyo.ac.id/welcome/detail/080421100068
131,https://pta.trunojoyo.ac.id/c_search/byprod/9/3,https://pta.trunojoyo.ac.id/welcome/detail/080421100054
132,https://pta.trunojoyo.ac.id/c_search/byprod/9/3,https://pta.trunojoyo.ac.id/welcome/detail/070421100054
133,https://pta.trunojoyo.ac.id/c_search/byprod/9/3,https://pta.trunojoyo.ac.id/welcome/detail/070421100009
134,https://pta.trunojoyo.ac.id/c_search/byprod/9/3,https://pta.trunojoyo.ac.id/welcome/detail/080421100036
135,https://pta.trunojoyo.ac.id/c_search/byprod/9/3,https://pta.trunojoyo.ac.id/welcome/detail/080421100086
136,https://pta.trunojoyo.ac.id/c_search/byprod/10/1,https://pta.trunojoyo.ac.id/welcome/detail/040411100468
137,https://pta.trunojoyo.ac.id/c_search/byprod/10/1,https://pta.trunojoyo.ac.id/welcome/detail/040411100476
138,https://pta.trunojoyo.ac.id/c_search/byprod/10/1,https://pta.trunojoyo.ac.id/welcome/detail/040411100480
139,https://pta.trunojoyo.ac.id/c_search/byprod/10/1,https://pta.trunojoyo.ac.id/welcome/detail/070411100070
140,https://pta.trunojoyo.ac.id/c_search/byprod/10/1,https://pta.trunojoyo.ac.id/welcome/detail/080411100115
141,https://pta.trunojoyo.ac.id/c_search/byprod/10/2,https://pta.trunojoyo.ac.id/welcome/detail/070411100007
142,https://pta.trunojoyo.ac.id/c_search/byprod/10/2,https://pta.trunojoyo.ac.id/welcome/detail/070411100126
143,https://pta.trunojoyo.ac.id/c_search/byprod/10/2,https://pta.trunojoyo.ac.id/welcome/detail/070411100109
144,https://pta.trunojoyo.ac.id/c_search/byprod/10/2,https://pta.trunojoyo.ac.id/welcome/detail/080411100083
145,https://pta.trunojoyo.ac.id/c_search/byprod/10/2,https://pta.trunojoyo.ac.id/welcome/detail/070411100092
146,https://pta.trunojoyo.ac.id/c_search/byprod/10/3,https://pta.trunojoyo.ac.id/welcome/detail/070411100120
147,https://pta.trunojoyo.ac.id/c_search/byprod/10/3,https://pta.trunojoyo.ac.id/welcome/detail/070411100143
148,https://pta.trunojoyo.ac.id/c_search/byprod/10/3,https://pta.trunojoyo.ac.id/welcome/detail/070411100037
149,https://pta.trunojoyo.ac.id/c_search/byprod/10/3,https://pta.trunojoyo.ac.id/welcome/detail/070411100079
150,https://pta.trunojoyo.ac.id/c_search/byprod/10/3,https://pta.trunojoyo.ac.id/welcome/detail/070411100050
151,https://pta.trunojoyo.ac.id/c_search/byprod/11/1,https://pta.trunojoyo.ac.id/welcome/detail/070451100021
152,https://pta.trunojoyo.ac.id/c_search/byprod/11/1,https://pta.trunojoyo.ac.id/welcome/detail/070451100037
153,https://pta.trunojoyo.ac.id/c_search/byprod/11/1,https://pta.trunojoyo.ac.id/welcome/detail/070451100039
154,https://pta.trunojoyo.ac.id/c_search/byprod/11/1,https://pta.trunojoyo.ac.id/welcome/detail/070451100011
155,https://pta.trunojoyo.ac.id/c_search/byprod/11/1,https://pta.trunojoyo.ac.id/welcome/detail/070451100015
156,https://pta.trunojoyo.ac.id/c_search/byprod/11/2,https://pta.trunojoyo.ac.id/welcome/detail/070451100028
157,https://pta.trunojoyo.ac.id/c_search/byprod/11/2,https://pta.trunojoyo.ac.id/welcome/detail/070451100055
158,https://pta.trunojoyo.ac.id/c_search/byprod/11/2,https://pta.trunojoyo.ac.id/welcome/detail/070451100010
159,https://pta.trunojoyo.ac.id/c_search/byprod/11/2,https://pta.trunojoyo.ac.id/welcome/detail/090451100003
160,https://pta.trunojoyo.ac.id/c_search/byprod/11/2,https://pta.trunojoyo.ac.id/welcome/detail/090451100043
161,https://pta.trunojoyo.ac.id/c_search/byprod/11/3,https://pta.trunojoyo.ac.id/welcome/detail/080451100012
162,https://pta.trunojoyo.ac.id/c_search/byprod/11/3,https://pta.trunojoyo.ac.id/welcome/detail/090451100025
163,https://pta.trunojoyo.ac.id/c_search/byprod/11/3,https://pta.trunojoyo.ac.id/welcome/detail/080451100006
164,https://pta.trunojoyo.ac.id/c_search/byprod/11/3,https://pta.trunojoyo.ac.id/welcome/detail/090451100024
165,https://pta.trunojoyo.ac.id/c_search/byprod/11/3,https://pta.trunojoyo.ac.id/welcome/detail/080451100002
166,https://pta.trunojoyo.ac.id/c_search/byprod/12/1,https://pta.trunojoyo.ac.id/welcome/detail/080521100066
167,https://pta.trunojoyo.ac.id/c_search/byprod/12/1,https://pta.trunojoyo.ac.id/welcome/detail/080521100057
168,https://pta.trunojoyo.ac.id/c_search/byprod/12/1,https://pta.trunojoyo.ac.id/welcome/detail/070121100033
169,https://pta.trunojoyo.ac.id/c_search/byprod/12/1,https://pta.trunojoyo.ac.id/welcome/detail/070121100030
170,https://pta.trunojoyo.ac.id/c_search/byprod/12/1,https://pta.trunojoyo.ac.id/welcome/detail/080521200002
171,https://pta.trunojoyo.ac.id/c_search/byprod/12/2,https://pta.trunojoyo.ac.id/welcome/detail/080521100026
172,https://pta.trunojoyo.ac.id/c_search/byprod/12/2,https://pta.trunojoyo.ac.id/welcome/detail/080521100016
173,https://pta.trunojoyo.ac.id/c_search/byprod/12/2,https://pta.trunojoyo.ac.id/welcome/detail/080521100029
174,https://pta.trunojoyo.ac.id/c_search/byprod/12/2,https://pta.trunojoyo.ac.id/welcome/detail/090521100038
175,https://pta.trunojoyo.ac.id/c_search/byprod/12/2,https://pta.trunojoyo.ac.id/welcome/detail/090521100042
176,https://pta.trunojoyo.ac.id/c_search/byprod/12/3,https://pta.trunojoyo.ac.id/welcome/detail/070121100006
177,https://pta.trunojoyo.ac.id/c_search/byprod/12/3,https://pta.trunojoyo.ac.id/welcome/detail/060121100074
178,https://pta.trunojoyo.ac.id/c_search/byprod/12/3,https://pta.trunojoyo.ac.id/welcome/detail/070121100001
179,https://pta.trunojoyo.ac.id/c_search/byprod/12/3,https://pta.trunojoyo.ac.id/welcome/detail/090521100062
180,https://pta.trunojoyo.ac.id/c_search/byprod/12/3,https://pta.trunojoyo.ac.id/welcome/detail/080521100040
181,https://pta.trunojoyo.ac.id/c_search/byprod/13/1,https://pta.trunojoyo.ac.id/welcome/detail/080531200003
182,https://pta.trunojoyo.ac.id/c_search/byprod/13/1,https://pta.trunojoyo.ac.id/welcome/detail/080531100011
183,https://pta.trunojoyo.ac.id/c_search/byprod/13/1,https://pta.trunojoyo.ac.id/welcome/detail/080531100046
184,https://pta.trunojoyo.ac.id/c_search/byprod/13/1,https://pta.trunojoyo.ac.id/welcome/detail/070131100008
185,https://pta.trunojoyo.ac.id/c_search/byprod/13/1,https://pta.trunojoyo.ac.id/welcome/detail/080531100035
186,https://pta.trunojoyo.ac.id/c_search/byprod/13/2,https://pta.trunojoyo.ac.id/welcome/detail/080531100055
187,https://pta.trunojoyo.ac.id/c_search/byprod/13/2,https://pta.trunojoyo.ac.id/welcome/detail/080531100003
188,https://pta.trunojoyo.ac.id/c_search/byprod/13/2,https://pta.trunojoyo.ac.id/welcome/detail/080531100025
189,https://pta.trunojoyo.ac.id/c_search/byprod/13/2,https://pta.trunojoyo.ac.id/welcome/detail/080531100049
190,https://pta.trunojoyo.ac.id/c_search/byprod/13/2,https://pta.trunojoyo.ac.id/welcome/detail/080531100006
191,https://pta.trunojoyo.ac.id/c_search/byprod/13/3,https://pta.trunojoyo.ac.id/welcome/detail/080531100041
192,https://pta.trunojoyo.ac.id/c_search/byprod/13/3,https://pta.trunojoyo.ac.id/welcome/detail/070131100003
193,https://pta.trunojoyo.ac.id/c_search/byprod/13/3,https://pta.trunojoyo.ac.id/welcome/detail/080531100018
194,https://pta.trunojoyo.ac.id/c_search/byprod/13/3,https://pta.trunojoyo.ac.id/welcome/detail/090531100062
195,https://pta.trunojoyo.ac.id/c_search/byprod/13/3,https://pta.trunojoyo.ac.id/welcome/detail/090531100088
196,https://pta.trunojoyo.ac.id/c_search/byprod/14/1,https://pta.trunojoyo.ac.id/welcome/detail/090541100015
197,https://pta.trunojoyo.ac.id/c_search/byprod/14/1,https://pta.trunojoyo.ac.id/welcome/detail/090541100014
198,https://pta.trunojoyo.ac.id/c_search/byprod/14/1,https://pta.trunojoyo.ac.id/welcome/detail/100541100026
199,https://pta.trunojoyo.ac.id/c_search/byprod/14/1,https://pta.trunojoyo.ac.id/welcome/detail/100541100078
200,https://pta.trunojoyo.ac.id/c_search/byprod/14/1,https://pta.trunojoyo.ac.id/welcome/detail/090541100020
201,https://pta.trunojoyo.ac.id/c_search/byprod/14/2,https://pta.trunojoyo.ac.id/welcome/detail/100541100057
202,https://pta.trunojoyo.ac.id/c_search/byprod/14/2,https://pta.trunojoyo.ac.id/welcome/detail/090541100006
203,https://pta.trunojoyo.ac.id/c_search/byprod/14/2,https://pta.trunojoyo.ac.id/welcome/detail/100541100023
204,https://pta.trunojoyo.ac.id/c_search/byprod/14/2,https://pta.trunojoyo.ac.id/welcome/detail/100541100034
205,https://pta.trunojoyo.ac.id/c_search/byprod/14/2,https://pta.trunojoyo.ac.id/welcome/detail/090541100007
206,https://pta.trunojoyo.ac.id/c_search/byprod/14/3,https://pta.trunojoyo.ac.id/welcome/detail/100541100020
207,https://pta.trunojoyo.ac.id/c_search/byprod/14/3,https://pta.trunojoyo.ac.id/welcome/detail/090541100003
208,https://pta.trunojoyo.ac.id/c_search/byprod/14/3,https://pta.trunojoyo.ac.id/welcome/detail/100541100068
209,https://pta.trunojoyo.ac.id/c_search/byprod/14/3,https://pta.trunojoyo.ac.id/welcome/detail/090541100002
210,https://pta.trunojoyo.ac.id/c_search/byprod/14/3,https://pta.trunojoyo.ac.id/welcome/detail/090541100001
211,https://pta.trunojoyo.ac.id/c_search/byprod/15/1,https://pta.trunojoyo.ac.id/welcome/detail/080511100018
212,https://pta.trunojoyo.ac.id/c_search/byprod/15/1,https://pta.trunojoyo.ac.id/welcome/detail/080511100017
213,https://pta.trunojoyo.ac.id/c_search/byprod/15/1,https://pta.trunojoyo.ac.id/welcome/detail/080511100027
214,https://pta.trunojoyo.ac.id/c_search/byprod/15/1,https://pta.trunojoyo.ac.id/welcome/detail/080511100057
215,https://pta.trunojoyo.ac.id/c_search/byprod/15/1,https://pta.trunojoyo.ac.id/welcome/detail/060511100005
216,https://pta.trunojoyo.ac.id/c_search/byprod/15/2,https://pta.trunojoyo.ac.id/welcome/detail/080511100008
217,https://pta.trunojoyo.ac.id/c_search/byprod/15/2,https://pta.trunojoyo.ac.id/welcome/detail/080511100054
218,https://pta.trunojoyo.ac.id/c_search/byprod/15/2,https://pta.trunojoyo.ac.id/welcome/detail/080511100001
219,https://pta.trunojoyo.ac.id/c_search/byprod/15/2,https://pta.trunojoyo.ac.id/welcome/detail/080511100007
220,https://pta.trunojoyo.ac.id/c_search/byprod/15/2,https://pta.trunojoyo.ac.id/welcome/detail/080511100026
221,https://pta.trunojoyo.ac.id/c_search/byprod/15/3,https://pta.trunojoyo.ac.id/welcome/detail/080511100043
222,https://pta.trunojoyo.ac.id/c_search/byprod/15/3,https://pta.trunojoyo.ac.id/welcome/detail/080511100006
223,https://pta.trunojoyo.ac.id/c_search/byprod/15/3,https://pta.trunojoyo.ac.id/welcome/detail/080511100019
224,https://pta.trunojoyo.ac.id/c_search/byprod/15/3,https://pta.trunojoyo.ac.id/welcome/detail/070511100001
225,https://pta.trunojoyo.ac.id/c_search/byprod/15/3,https://pta.trunojoyo.ac.id/welcome/detail/080511100020
226,https://pta.trunojoyo.ac.id/c_search/byprod/16/1,https://pta.trunojoyo.ac.id/welcome/detail/110721100016
227,https://pta.trunojoyo.ac.id/c_search/byprod/16/1,https://pta.trunojoyo.ac.id/welcome/detail/110721100004
228,https://pta.trunojoyo.ac.id/c_search/byprod/16/1,https://pta.trunojoyo.ac.id/welcome/detail/110721100002
229,https://pta.trunojoyo.ac.id/c_search/byprod/16/1,https://pta.trunojoyo.ac.id/welcome/detail/110721100018
230,https://pta.trunojoyo.ac.id/c_search/byprod/16/1,https://pta.trunojoyo.ac.id/welcome/detail/110721100009
231,https://pta.trunojoyo.ac.id/c_search/byprod/16/2,https://pta.trunojoyo.ac.id/welcome/detail/110721100047
232,https://pta.trunojoyo.ac.id/c_search/byprod/16/2,https://pta.trunojoyo.ac.id/welcome/detail/110721100011
233,https://pta.trunojoyo.ac.id/c_search/byprod/16/2,https://pta.trunojoyo.ac.id/welcome/detail/110721100014
234,https://pta.trunojoyo.ac.id/c_search/byprod/16/2,https://pta.trunojoyo.ac.id/welcome/detail/110721100021
235,https://pta.trunojoyo.ac.id/c_search/byprod/16/2,https://pta.trunojoyo.ac.id/welcome/detail/110721100036
236,https://pta.trunojoyo.ac.id/c_search/byprod/16/3,https://pta.trunojoyo.ac.id/welcome/detail/110721100001
237,https://pta.trunojoyo.ac.id/c_search/byprod/16/3,https://pta.trunojoyo.ac.id/welcome/detail/110721100010
238,https://pta.trunojoyo.ac.id/c_search/byprod/16/3,https://pta.trunojoyo.ac.id/welcome/detail/110721100005
239,https://pta.trunojoyo.ac.id/c_search/byprod/16/3,https://pta.trunojoyo.ac.id/welcome/detail/110721100033
240,https://pta.trunojoyo.ac.id/c_search/byprod/16/3,https://pta.trunojoyo.ac.id/welcome/detail/110721100020
241,https://pta.trunojoyo.ac.id/c_search/byprod/17/1,https://pta.trunojoyo.ac.id/welcome/detail/110711100023
242,https://pta.trunojoyo.ac.id/c_search/byprod/17/1,https://pta.trunojoyo.ac.id/welcome/detail/110711100013
243,https://pta.trunojoyo.ac.id/c_search/byprod/17/1,https://pta.trunojoyo.ac.id/welcome/detail/110711100025
244,https://pta.trunojoyo.ac.id/c_search/byprod/17/1,https://pta.trunojoyo.ac.id/welcome/detail/110711100027
245,https://pta.trunojoyo.ac.id/c_search/byprod/17/1,https://pta.trunojoyo.ac.id/welcome/detail/110711100037
246,https://pta.trunojoyo.ac.id/c_search/byprod/17/2,https://pta.trunojoyo.ac.id/welcome/detail/110711100028
247,https://pta.trunojoyo.ac.id/c_search/byprod/17/2,https://pta.trunojoyo.ac.id/welcome/detail/110711100031
248,https://pta.trunojoyo.ac.id/c_search/byprod/17/2,https://pta.trunojoyo.ac.id/welcome/detail/110711100022
249,https://pta.trunojoyo.ac.id/c_search/byprod/17/2,https://pta.trunojoyo.ac.id/welcome/detail/110711100009
250,https://pta.trunojoyo.ac.id/c_search/byprod/17/2,https://pta.trunojoyo.ac.id/welcome/detail/110711100018
251,https://pta.trunojoyo.ac.id/c_search/byprod/17/3,https://pta.trunojoyo.ac.id/welcome/detail/110711100005
252,https://pta.trunojoyo.ac.id/c_search/byprod/17/3,https://pta.trunojoyo.ac.id/welcome/detail/110711100029
253,https://pta.trunojoyo.ac.id/c_search/byprod/17/3,https://pta.trunojoyo.ac.id/welcome/detail/110711100024
254,https://pta.trunojoyo.ac.id/c_search/byprod/17/3,https://pta.trunojoyo.ac.id/welcome/detail/110711100017
255,https://pta.trunojoyo.ac.id/c_search/byprod/17/3,https://pta.trunojoyo.ac.id/welcome/detail/110711100015
256,https://pta.trunojoyo.ac.id/c_search/byprod/18/1,https://pta.trunojoyo.ac.id/welcome/detail/110611100118
257,https://pta.trunojoyo.ac.id/c_search/byprod/18/1,https://pta.trunojoyo.ac.id/welcome/detail/110611100056
258,https://pta.trunojoyo.ac.id/c_search/byprod/18/1,https://pta.trunojoyo.ac.id/welcome/detail/110611100085
259,https://pta.trunojoyo.ac.id/c_search/byprod/18/1,https://pta.trunojoyo.ac.id/welcome/detail/110611100090
260,https://pta.trunojoyo.ac.id/c_search/byprod/18/1,https://pta.trunojoyo.ac.id/welcome/detail/110611100131
261,https://pta.trunojoyo.ac.id/c_search/byprod/18/2,https://pta.trunojoyo.ac.id/welcome/detail/110611100136
262,https://pta.trunojoyo.ac.id/c_search/byprod/18/2,https://pta.trunojoyo.ac.id/welcome/detail/110611100104
263,https://pta.trunojoyo.ac.id/c_search/byprod/18/2,https://pta.trunojoyo.ac.id/welcome/detail/110611100069
264,https://pta.trunojoyo.ac.id/c_search/byprod/18/2,https://pta.trunojoyo.ac.id/welcome/detail/110611100089
265,https://pta.trunojoyo.ac.id/c_search/byprod/18/2,https://pta.trunojoyo.ac.id/welcome/detail/110611100080
266,https://pta.trunojoyo.ac.id/c_search/byprod/18/3,https://pta.trunojoyo.ac.id/welcome/detail/110611100088
267,https://pta.trunojoyo.ac.id/c_search/byprod/18/3,https://pta.trunojoyo.ac.id/welcome/detail/110611100081
268,https://pta.trunojoyo.ac.id/c_search/byprod/18/3,https://pta.trunojoyo.ac.id/welcome/detail/110611100139
269,https://pta.trunojoyo.ac.id/c_search/byprod/18/3,https://pta.trunojoyo.ac.id/welcome/detail/110611100040
270,https://pta.trunojoyo.ac.id/c_search/byprod/18/3,https://pta.trunojoyo.ac.id/welcome/detail/110611100064
271,https://pta.trunojoyo.ac.id/c_search/byprod/19/1,https://pta.trunojoyo.ac.id/welcome/detail/100471100002
272,https://pta.trunojoyo.ac.id/c_search/byprod/19/1,https://pta.trunojoyo.ac.id/welcome/detail/100471100034
273,https://pta.trunojoyo.ac.id/c_search/byprod/19/1,https://pta.trunojoyo.ac.id/welcome/detail/100471100001
274,https://pta.trunojoyo.ac.id/c_search/byprod/19/1,https://pta.trunojoyo.ac.id/welcome/detail/100471100036
275,https://pta.trunojoyo.ac.id/c_search/byprod/19/1,https://pta.trunojoyo.ac.id/welcome/detail/100471100032
276,https://pta.trunojoyo.ac.id/c_search/byprod/19/2,https://pta.trunojoyo.ac.id/welcome/detail/100471100029
277,https://pta.trunojoyo.ac.id/c_search/byprod/19/2,https://pta.trunojoyo.ac.id/welcome/detail/100471100005
278,https://pta.trunojoyo.ac.id/c_search/byprod/19/2,https://pta.trunojoyo.ac.id/welcome/detail/100471100016
279,https://pta.trunojoyo.ac.id/c_search/byprod/19/2,https://pta.trunojoyo.ac.id/welcome/detail/100471100019
280,https://pta.trunojoyo.ac.id/c_search/byprod/19/2,https://pta.trunojoyo.ac.id/welcome/detail/100471100014
281,https://pta.trunojoyo.ac.id/c_search/byprod/19/3,https://pta.trunojoyo.ac.id/welcome/detail/100471100006
282,https://pta.trunojoyo.ac.id/c_search/byprod/19/3,https://pta.trunojoyo.ac.id/welcome/detail/100471100011
283,https://pta.trunojoyo.ac.id/c_search/byprod/19/3,https://pta.trunojoyo.ac.id/welcome/detail/100471100008
284,https://pta.trunojoyo.ac.id/c_search/byprod/19/3,https://pta.trunojoyo.ac.id/welcome/detail/100471100026
285,https://pta.trunojoyo.ac.id/c_search/byprod/19/3,https://pta.trunojoyo.ac.id/welcome/detail/100471100024
286,https://pta.trunojoyo.ac.id/c_search/byprod/20/1,https://pta.trunojoyo.ac.id/welcome/detail/100461100003
287,https://pta.trunojoyo.ac.id/c_search/byprod/20/1,https://pta.trunojoyo.ac.id/welcome/detail/100461100006
288,https://pta.trunojoyo.ac.id/c_search/byprod/20/1,https://pta.trunojoyo.ac.id/welcome/detail/100461100007
289,https://pta.trunojoyo.ac.id/c_search/byprod/20/1,https://pta.trunojoyo.ac.id/welcome/detail/100461100005
290,https://pta.trunojoyo.ac.id/c_search/byprod/20/1,https://pta.trunojoyo.ac.id/welcome/detail/110461100003
291,https://pta.trunojoyo.ac.id/c_search/byprod/20/2,https://pta.trunojoyo.ac.id/welcome/detail/110461100001
292,https://pta.trunojoyo.ac.id/c_search/byprod/20/2,https://pta.trunojoyo.ac.id/welcome/detail/110461100002
293,https://pta.trunojoyo.ac.id/c_search/byprod/20/2,https://pta.trunojoyo.ac.id/welcome/detail/120461100004
294,https://pta.trunojoyo.ac.id/c_search/byprod/20/2,https://pta.trunojoyo.ac.id/welcome/detail/110461100006
295,https://pta.trunojoyo.ac.id/c_search/byprod/20/2,https://pta.trunojoyo.ac.id/welcome/detail/120461100002
296,https://pta.trunojoyo.ac.id/c_search/byprod/20/3,https://pta.trunojoyo.ac.id/welcome/detail/120461100003
297,https://pta.trunojoyo.ac.id/c_search/byprod/20/3,https://pta.trunojoyo.ac.id/welcome/detail/110461100004
298,https://pta.trunojoyo.ac.id/c_search/byprod/20/3,https://pta.trunojoyo.ac.id/welcome/detail/110461100005
299,https://pta.trunojoyo.ac.id/c_search/byprod/20/3,https://pta.trunojoyo.ac.id/welcome/detail/130461100013
300,https://pta.trunojoyo.ac.id/c_search/byprod/20/3,https://pta.trunojoyo.ac.id/welcome/detail/130461100007
301,https://pta.trunojoyo.ac.id/c_search/byprod/21/1,https://pta.trunojoyo.ac.id/welcome/detail/100241100002
302,https://pta.trunojoyo.ac.id/c_search/byprod/21/1,https://pta.trunojoyo.ac.id/welcome/detail/100241100013
303,https://pta.trunojoyo.ac.id/c_search/byprod/21/1,https://pta.trunojoyo.ac.id/welcome/detail/100241100007
304,https://pta.trunojoyo.ac.id/c_search/byprod/21/1,https://pta.trunojoyo.ac.id/welcome/detail/100241100004
305,https://pta.trunojoyo.ac.id/c_search/byprod/21/1,https://pta.trunojoyo.ac.id/welcome/detail/100241100003
306,https://pta.trunojoyo.ac.id/c_search/byprod/21/2,https://pta.trunojoyo.ac.id/welcome/detail/100241100011
307,https://pta.trunojoyo.ac.id/c_search/byprod/21/2,https://pta.trunojoyo.ac.id/welcome/detail/100241100020
308,https://pta.trunojoyo.ac.id/c_search/byprod/21/2,https://pta.trunojoyo.ac.id/welcome/detail/100241100016
309,https://pta.trunojoyo.ac.id/c_search/byprod/21/2,https://pta.trunojoyo.ac.id/welcome/detail/100241100018
310,https://pta.trunojoyo.ac.id/c_search/byprod/21/2,https://pta.trunojoyo.ac.id/welcome/detail/100241100001
311,https://pta.trunojoyo.ac.id/c_search/byprod/21/3,https://pta.trunojoyo.ac.id/welcome/detail/100241100012
312,https://pta.trunojoyo.ac.id/c_search/byprod/21/3,https://pta.trunojoyo.ac.id/welcome/detail/100241100014
313,https://pta.trunojoyo.ac.id/c_search/byprod/21/3,https://pta.trunojoyo.ac.id/welcome/detail/100241100028
314,https://pta.trunojoyo.ac.id/c_search/byprod/21/3,https://pta.trunojoyo.ac.id/welcome/detail/100241100017
315,https://pta.trunojoyo.ac.id/c_search/byprod/21/3,https://pta.trunojoyo.ac.id/welcome/detail/100241100015
316,https://pta.trunojoyo.ac.id/c_search/byprod/22/1,https://pta.trunojoyo.ac.id/welcome/detail/130261100017
317,https://pta.trunojoyo.ac.id/c_search/byprod/22/1,https://pta.trunojoyo.ac.id/welcome/detail/130261100005
318,https://pta.trunojoyo.ac.id/c_search/byprod/22/1,https://pta.trunojoyo.ac.id/welcome/detail/130261100012
319,https://pta.trunojoyo.ac.id/c_search/byprod/22/1,https://pta.trunojoyo.ac.id/welcome/detail/130261100002
320,https://pta.trunojoyo.ac.id/c_search/byprod/22/1,https://pta.trunojoyo.ac.id/welcome/detail/130261100014
321,https://pta.trunojoyo.ac.id/c_search/byprod/22/2,https://pta.trunojoyo.ac.id/welcome/detail/130261100001
322,https://pta.trunojoyo.ac.id/c_search/byprod/22/2,https://pta.trunojoyo.ac.id/welcome/detail/130261100016
323,https://pta.trunojoyo.ac.id/c_search/byprod/22/2,https://pta.trunojoyo.ac.id/welcome/detail/130261100010
324,https://pta.trunojoyo.ac.id/c_search/byprod/22/2,https://pta.trunojoyo.ac.id/welcome/detail/130261100018
325,https://pta.trunojoyo.ac.id/c_search/byprod/22/2,https://pta.trunojoyo.ac.id/welcome/detail/130261100015
326,https://pta.trunojoyo.ac.id/c_search/byprod/22/3,https://pta.trunojoyo.ac.id/welcome/detail/130261100019
327,https://pta.trunojoyo.ac.id/c_search/byprod/22/3,https://pta.trunojoyo.ac.id/welcome/detail/130261100006
328,https://pta.trunojoyo.ac.id/c_search/byprod/22/3,https://pta.trunojoyo.ac.id/welcome/detail/130261100011
329,https://pta.trunojoyo.ac.id/c_search/byprod/22/3,https://pta.trunojoyo.ac.id/welcome/detail/130261100008
330,https://pta.trunojoyo.ac.id/c_search/byprod/22/3,https://pta.trunojoyo.ac.id/welcome/detail/130261100020
331,https://pta.trunojoyo.ac.id/c_search/byprod/23/1,https://pta.trunojoyo.ac.id/welcome/detail/130431100051
332,https://pta.trunojoyo.ac.id/c_search/byprod/23/1,https://pta.trunojoyo.ac.id/welcome/detail/130431100041
333,https://pta.trunojoyo.ac.id/c_search/byprod/23/1,https://pta.trunojoyo.ac.id/welcome/detail/130431100087
334,https://pta.trunojoyo.ac.id/c_search/byprod/23/1,https://pta.trunojoyo.ac.id/welcome/detail/130431100025
335,https://pta.trunojoyo.ac.id/c_search/byprod/23/1,https://pta.trunojoyo.ac.id/welcome/detail/130431100071
336,https://pta.trunojoyo.ac.id/c_search/byprod/23/2,https://pta.trunojoyo.ac.id/welcome/detail/130431100058
337,https://pta.trunojoyo.ac.id/c_search/byprod/23/2,https://pta.trunojoyo.ac.id/welcome/detail/130431100067
338,https://pta.trunojoyo.ac.id/c_search/byprod/23/2,https://pta.trunojoyo.ac.id/welcome/detail/130431100095
339,https://pta.trunojoyo.ac.id/c_search/byprod/23/2,https://pta.trunojoyo.ac.id/welcome/detail/130431100129
340,https://pta.trunojoyo.ac.id/c_search/byprod/23/2,https://pta.trunojoyo.ac.id/welcome/detail/130431100119
341,https://pta.trunojoyo.ac.id/c_search/byprod/23/3,https://pta.trunojoyo.ac.id/welcome/detail/130431100024
342,https://pta.trunojoyo.ac.id/c_search/byprod/23/3,https://pta.trunojoyo.ac.id/welcome/detail/130431100122
343,https://pta.trunojoyo.ac.id/c_search/byprod/23/3,https://pta.trunojoyo.ac.id/welcome/detail/130431100027
344,https://pta.trunojoyo.ac.id/c_search/byprod/23/3,https://pta.trunojoyo.ac.id/welcome/detail/130431100132
345,https://pta.trunojoyo.ac.id/c_search/byprod/23/3,https://pta.trunojoyo.ac.id/welcome/detail/130431100062
346,https://pta.trunojoyo.ac.id/c_search/byprod/24/1,https://pta.trunojoyo.ac.id/welcome/detail/120121100013
347,https://pta.trunojoyo.ac.id/c_search/byprod/24/1,https://pta.trunojoyo.ac.id/welcome/detail/120121100001
348,https://pta.trunojoyo.ac.id/c_search/byprod/24/1,https://pta.trunojoyo.ac.id/welcome/detail/130121100005
349,https://pta.trunojoyo.ac.id/c_search/byprod/24/1,https://pta.trunojoyo.ac.id/welcome/detail/120121100009
350,https://pta.trunojoyo.ac.id/c_search/byprod/24/1,https://pta.trunojoyo.ac.id/welcome/detail/120121100003
351,https://pta.trunojoyo.ac.id/c_search/byprod/24/2,https://pta.trunojoyo.ac.id/welcome/detail/130121100004
352,https://pta.trunojoyo.ac.id/c_search/byprod/24/2,https://pta.trunojoyo.ac.id/welcome/detail/130121100013
353,https://pta.trunojoyo.ac.id/c_search/byprod/24/2,https://pta.trunojoyo.ac.id/welcome/detail/130121100001
354,https://pta.trunojoyo.ac.id/c_search/byprod/24/2,https://pta.trunojoyo.ac.id/welcome/detail/120121100014
355,https://pta.trunojoyo.ac.id/c_search/byprod/24/2,https://pta.trunojoyo.ac.id/welcome/detail/120121100012
356,https://pta.trunojoyo.ac.id/c_search/byprod/24/3,https://pta.trunojoyo.ac.id/welcome/detail/120121100002
357,https://pta.trunojoyo.ac.id/c_search/byprod/24/3,https://pta.trunojoyo.ac.id/welcome/detail/140121100009
358,https://pta.trunojoyo.ac.id/c_search/byprod/24/3,https://pta.trunojoyo.ac.id/welcome/detail/140121100001
359,https://pta.trunojoyo.ac.id/c_search/byprod/24/3,https://pta.trunojoyo.ac.id/welcome/detail/140121100025
360,https://pta.trunojoyo.ac.id/c_search/byprod/24/3,https://pta.trunojoyo.ac.id/welcome/detail/140121100011
361,https://pta.trunojoyo.ac.id/c_search/byprod/25/1,https://pta.trunojoyo.ac.id/welcome/detail/110251100001
362,https://pta.trunojoyo.ac.id/c_search/byprod/25/1,https://pta.trunojoyo.ac.id/welcome/detail/110251100002
363,https://pta.trunojoyo.ac.id/c_search/byprod/25/1,https://pta.trunojoyo.ac.id/welcome/detail/120251100003
364,https://pta.trunojoyo.ac.id/c_search/byprod/25/1,https://pta.trunojoyo.ac.id/welcome/detail/120251100004
365,https://pta.trunojoyo.ac.id/c_search/byprod/25/1,https://pta.trunojoyo.ac.id/welcome/detail/120251100009
366,https://pta.trunojoyo.ac.id/c_search/byprod/25/2,https://pta.trunojoyo.ac.id/welcome/detail/120251100005
367,https://pta.trunojoyo.ac.id/c_search/byprod/25/2,https://pta.trunojoyo.ac.id/welcome/detail/120251100008
368,https://pta.trunojoyo.ac.id/c_search/byprod/25/2,https://pta.trunojoyo.ac.id/welcome/detail/120251100006
369,https://pta.trunojoyo.ac.id/c_search/byprod/25/2,https://pta.trunojoyo.ac.id/welcome/detail/110251200004
370,https://pta.trunojoyo.ac.id/c_search/byprod/25/2,https://pta.trunojoyo.ac.id/welcome/detail/110251200005
371,https://pta.trunojoyo.ac.id/c_search/byprod/25/3,https://pta.trunojoyo.ac.id/welcome/detail/120251100001
372,https://pta.trunojoyo.ac.id/c_search/byprod/25/3,https://pta.trunojoyo.ac.id/welcome/detail/110251200010
373,https://pta.trunojoyo.ac.id/c_search/byprod/25/3,https://pta.trunojoyo.ac.id/welcome/detail/130251100007
374,https://pta.trunojoyo.ac.id/c_search/byprod/25/3,https://pta.trunojoyo.ac.id/welcome/detail/130251100012
375,https://pta.trunojoyo.ac.id/c_search/byprod/25/3,https://pta.trunojoyo.ac.id/welcome/detail/130251100003
376,https://pta.trunojoyo.ac.id/c_search/byprod/26/1,https://pta.trunojoyo.ac.id/welcome/detail/130271100023
377,https://pta.trunojoyo.ac.id/c_search/byprod/26/1,https://pta.trunojoyo.ac.id/welcome/detail/130271100003
378,https://pta.trunojoyo.ac.id/c_search/byprod/26/1,https://pta.trunojoyo.ac.id/welcome/detail/130271100006
379,https://pta.trunojoyo.ac.id/c_search/byprod/26/1,https://pta.trunojoyo.ac.id/welcome/detail/130271100002
380,https://pta.trunojoyo.ac.id/c_search/byprod/26/1,https://pta.trunojoyo.ac.id/welcome/detail/130271100008
381,https://pta.trunojoyo.ac.id/c_search/byprod/26/2,https://pta.trunojoyo.ac.id/welcome/detail/130271100013
382,https://pta.trunojoyo.ac.id/c_search/byprod/26/2,https://pta.trunojoyo.ac.id/welcome/detail/130271100015
383,https://pta.trunojoyo.ac.id/c_search/byprod/26/2,https://pta.trunojoyo.ac.id/welcome/detail/130271100014
384,https://pta.trunojoyo.ac.id/c_search/byprod/26/2,https://pta.trunojoyo.ac.id/welcome/detail/130271100020
385,https://pta.trunojoyo.ac.id/c_search/byprod/26/2,https://pta.trunojoyo.ac.id/welcome/detail/130271100007
386,https://pta.trunojoyo.ac.id/c_search/byprod/26/3,https://pta.trunojoyo.ac.id/welcome/detail/130271100011
387,https://pta.trunojoyo.ac.id/c_search/byprod/26/3,https://pta.trunojoyo.ac.id/welcome/detail/130271100021
388,https://pta.trunojoyo.ac.id/c_search/byprod/26/3,https://pta.trunojoyo.ac.id/welcome/detail/130271100016
389,https://pta.trunojoyo.ac.id/c_search/byprod/26/3,https://pta.trunojoyo.ac.id/welcome/detail/130271100010
390,https://pta.trunojoyo.ac.id/c_search/byprod/26/3,https://pta.trunojoyo.ac.id/welcome/detail/130271100001
391,https://pta.trunojoyo.ac.id/c_search/byprod/27/1,https://pta.trunojoyo.ac.id/welcome/detail/130621100011
392,https://pta.trunojoyo.ac.id/c_search/byprod/27/1,https://pta.trunojoyo.ac.id/welcome/detail/130621100114
393,https://pta.trunojoyo.ac.id/c_search/byprod/27/1,https://pta.trunojoyo.ac.id/welcome/detail/130621100119
394,https://pta.trunojoyo.ac.id/c_search/byprod/27/1,https://pta.trunojoyo.ac.id/welcome/detail/130621100122
395,https://pta.trunojoyo.ac.id/c_search/byprod/27/1,https://pta.trunojoyo.ac.id/welcome/detail/130621100129
396,https://pta.trunojoyo.ac.id/c_search/byprod/27/2,https://pta.trunojoyo.ac.id/welcome/detail/130621100066
397,https://pta.trunojoyo.ac.id/c_search/byprod/27/2,https://pta.trunojoyo.ac.id/welcome/detail/130621100065
398,https://pta.trunojoyo.ac.id/c_search/byprod/27/2,https://pta.trunojoyo.ac.id/welcome/detail/130621100058
399,https://pta.trunojoyo.ac.id/c_search/byprod/27/2,https://pta.trunojoyo.ac.id/welcome/detail/130621100020
400,https://pta.trunojoyo.ac.id/c_search/byprod/27/2,https://pta.trunojoyo.ac.id/welcome/detail/130621100072
401,https://pta.trunojoyo.ac.id/c_search/byprod/27/3,https://pta.trunojoyo.ac.id/welcome/detail/130621100090
402,https://pta.trunojoyo.ac.id/c_search/byprod/27/3,https://pta.trunojoyo.ac.id/welcome/detail/130621100062
403,https://pta.trunojoyo.ac.id/c_search/byprod/27/3,https://pta.trunojoyo.ac.id/welcome/detail/130621100074
404,https://pta.trunojoyo.ac.id/c_search/byprod/27/3,https://pta.trunojoyo.ac.id/welcome/detail/130621100063
405,https://pta.trunojoyo.ac.id/c_search/byprod/27/3,https://pta.trunojoyo.ac.id/welcome/detail/130621100022
406,https://pta.trunojoyo.ac.id/c_search/byprod/28/1,https://pta.trunojoyo.ac.id/welcome/detail/130631100004
407,https://pta.trunojoyo.ac.id/c_search/byprod/28/1,https://pta.trunojoyo.ac.id/welcome/detail/130631100072
408,https://pta.trunojoyo.ac.id/c_search/byprod/28/1,https://pta.trunojoyo.ac.id/welcome/detail/130631100020
409,https://pta.trunojoyo.ac.id/c_search/byprod/28/1,https://pta.trunojoyo.ac.id/welcome/detail/130631100008
410,https://pta.trunojoyo.ac.id/c_search/byprod/28/1,https://pta.trunojoyo.ac.id/welcome/detail/130631100123
411,https://pta.trunojoyo.ac.id/c_search/byprod/28/2,https://pta.trunojoyo.ac.id/welcome/detail/130631100057
412,https://pta.trunojoyo.ac.id/c_search/byprod/28/2,https://pta.trunojoyo.ac.id/welcome/detail/130631100017
413,https://pta.trunojoyo.ac.id/c_search/byprod/28/2,https://pta.trunojoyo.ac.id/welcome/detail/130631100074
414,https://pta.trunojoyo.ac.id/c_search/byprod/28/2,https://pta.trunojoyo.ac.id/welcome/detail/130631100015
415,https://pta.trunojoyo.ac.id/c_search/byprod/28/2,https://pta.trunojoyo.ac.id/welcome/detail/130631100025
416,https://pta.trunojoyo.ac.id/c_search/byprod/28/3,https://pta.trunojoyo.ac.id/welcome/detail/130631100103
417,https://pta.trunojoyo.ac.id/c_search/byprod/28/3,https://pta.trunojoyo.ac.id/welcome/detail/130631100082
418,https://pta.trunojoyo.ac.id/c_search/byprod/28/3,https://pta.trunojoyo.ac.id/welcome/detail/130631100002
419,https://pta.trunojoyo.ac.id/c_search/byprod/28/3,https://pta.trunojoyo.ac.id/welcome/detail/130631100096
420,https://pta.trunojoyo.ac.id/c_search/byprod/28/3,https://pta.trunojoyo.ac.id/welcome/detail/130631100087
421,https://pta.trunojoyo.ac.id/c_search/byprod/29/1,https://pta.trunojoyo.ac.id/welcome/detail/130641100101
422,https://pta.trunojoyo.ac.id/c_search/byprod/29/1,https://pta.trunojoyo.ac.id/welcome/detail/130641100122
423,https://pta.trunojoyo.ac.id/c_search/byprod/29/1,https://pta.trunojoyo.ac.id/welcome/detail/130641100120
424,https://pta.trunojoyo.ac.id/c_search/byprod/29/1,https://pta.trunojoyo.ac.id/welcome/detail/130641100009
425,https://pta.trunojoyo.ac.id/c_search/byprod/29/1,https://pta.trunojoyo.ac.id/welcome/detail/130641100014
426,https://pta.trunojoyo.ac.id/c_search/byprod/29/2,https://pta.trunojoyo.ac.id/welcome/detail/130641100074
427,https://pta.trunojoyo.ac.id/c_search/byprod/29/2,https://pta.trunojoyo.ac.id/welcome/detail/130641100071
428,https://pta.trunojoyo.ac.id/c_search/byprod/29/2,https://pta.trunojoyo.ac.id/welcome/detail/130641100121
429,https://pta.trunojoyo.ac.id/c_search/byprod/29/2,https://pta.trunojoyo.ac.id/welcome/detail/130641100102
430,https://pta.trunojoyo.ac.id/c_search/byprod/29/2,https://pta.trunojoyo.ac.id/welcome/detail/130641100142
431,https://pta.trunojoyo.ac.id/c_search/byprod/29/3,https://pta.trunojoyo.ac.id/welcome/detail/130641100055
432,https://pta.trunojoyo.ac.id/c_search/byprod/29/3,https://pta.trunojoyo.ac.id/welcome/detail/130641100067
433,https://pta.trunojoyo.ac.id/c_search/byprod/29/3,https://pta.trunojoyo.ac.id/welcome/detail/130641100107
434,https://pta.trunojoyo.ac.id/c_search/byprod/29/3,https://pta.trunojoyo.ac.id/welcome/detail/130641100011
435,https://pta.trunojoyo.ac.id/c_search/byprod/29/3,https://pta.trunojoyo.ac.id/welcome/detail/130641100017
436,https://pta.trunojoyo.ac.id/c_search/byprod/30/1,https://pta.trunojoyo.ac.id/welcome/detail/130651100078
437,https://pta.trunojoyo.ac.id/c_search/byprod/30/1,https://pta.trunojoyo.ac.id/welcome/detail/130651100085
438,https://pta.trunojoyo.ac.id/c_search/byprod/30/1,https://pta.trunojoyo.ac.id/welcome/detail/130651100076
439,https://pta.trunojoyo.ac.id/c_search/byprod/30/1,https://pta.trunojoyo.ac.id/welcome/detail/130651100072
440,https://pta.trunojoyo.ac.id/c_search/byprod/30/1,https://pta.trunojoyo.ac.id/welcome/detail/130651100101
441,https://pta.trunojoyo.ac.id/c_search/byprod/30/2,https://pta.trunojoyo.ac.id/welcome/detail/130651100091
442,https://pta.trunojoyo.ac.id/c_search/byprod/30/2,https://pta.trunojoyo.ac.id/welcome/detail/130651100062
443,https://pta.trunojoyo.ac.id/c_search/byprod/30/2,https://pta.trunojoyo.ac.id/welcome/detail/130651100107
444,https://pta.trunojoyo.ac.id/c_search/byprod/30/2,https://pta.trunojoyo.ac.id/welcome/detail/130651100110
445,https://pta.trunojoyo.ac.id/c_search/byprod/30/2,https://pta.trunojoyo.ac.id/welcome/detail/130651100092
446,https://pta.trunojoyo.ac.id/c_search/byprod/30/3,https://pta.trunojoyo.ac.id/welcome/detail/130651100100
447,https://pta.trunojoyo.ac.id/c_search/byprod/30/3,https://pta.trunojoyo.ac.id/welcome/detail/130651100096
448,https://pta.trunojoyo.ac.id/c_search/byprod/30/3,https://pta.trunojoyo.ac.id/welcome/detail/130651100113
449,https://pta.trunojoyo.ac.id/c_search/byprod/30/3,https://pta.trunojoyo.ac.id/welcome/detail/130651100123
450,https://pta.trunojoyo.ac.id/c_search/byprod/30/3,https://pta.trunojoyo.ac.id/welcome/detail/130651100112
451,https://pta.trunojoyo.ac.id/c_search/byprod/33/1,https://pta.trunojoyo.ac.id/welcome/detail/160491200026
452,https://pta.trunojoyo.ac.id/c_search/byprod/33/1,https://pta.trunojoyo.ac.id/welcome/detail/160491200023
453,https://pta.trunojoyo.ac.id/c_search/byprod/33/1,https://pta.trunojoyo.ac.id/welcome/detail/160491200027
454,https://pta.trunojoyo.ac.id/c_search/byprod/33/1,https://pta.trunojoyo.ac.id/welcome/detail/160491200028
455,https://pta.trunojoyo.ac.id/c_search/byprod/33/1,https://pta.trunojoyo.ac.id/welcome/detail/160491200025
456,https://pta.trunojoyo.ac.id/c_search/byprod/33/2,https://pta.trunojoyo.ac.id/welcome/detail/160491200024
457,https://pta.trunojoyo.ac.id/c_search/byprod/33/2,https://pta.trunojoyo.ac.id/welcome/detail/160491200022
458,https://pta.trunojoyo.ac.id/c_search/byprod/33/2,https://pta.trunojoyo.ac.id/welcome/detail/160491200029
459,https://pta.trunojoyo.ac.id/c_search/byprod/33/2,https://pta.trunojoyo.ac.id/welcome/detail/170491200033
460,https://pta.trunojoyo.ac.id/c_search/byprod/33/2,https://pta.trunojoyo.ac.id/welcome/detail/170491200034
461,https://pta.trunojoyo.ac.id/c_search/byprod/33/3,https://pta.trunojoyo.ac.id/welcome/detail/170491200035
462,https://pta.trunojoyo.ac.id/c_search/byprod/33/3,https://pta.trunojoyo.ac.id/welcome/detail/170491200036
463,https://pta.trunojoyo.ac.id/c_search/byprod/33/3,https://pta.trunojoyo.ac.id/welcome/detail/170491200031
464,https://pta.trunojoyo.ac.id/c_search/byprod/33/3,https://pta.trunojoyo.ac.id/welcome/detail/170491200032
465,https://pta.trunojoyo.ac.id/c_search/byprod/35/1,https://pta.trunojoyo.ac.id/welcome/detail/160351100018
466,https://pta.trunojoyo.ac.id/c_search/byprod/35/1,https://pta.trunojoyo.ac.id/welcome/detail/160351100001
467,https://pta.trunojoyo.ac.id/c_search/byprod/35/1,https://pta.trunojoyo.ac.id/welcome/detail/160351100007
468,https://pta.trunojoyo.ac.id/c_search/byprod/35/1,https://pta.trunojoyo.ac.id/welcome/detail/160351100006
469,https://pta.trunojoyo.ac.id/c_search/byprod/35/1,https://pta.trunojoyo.ac.id/welcome/detail/160351100020
470,https://pta.trunojoyo.ac.id/c_search/byprod/35/2,https://pta.trunojoyo.ac.id/welcome/detail/160351100011
471,https://pta.trunojoyo.ac.id/c_search/byprod/36/1,https://pta.trunojoyo.ac.id/welcome/detail/160281100009
472,https://pta.trunojoyo.ac.id/c_search/byprod/36/1,https://pta.trunojoyo.ac.id/welcome/detail/160281100007
473,https://pta.trunojoyo.ac.id/c_search/byprod/36/1,https://pta.trunojoyo.ac.id/welcome/detail/160281100010
474,https://pta.trunojoyo.ac.id/c_search/byprod/36/1,https://pta.trunojoyo.ac.id/welcome/detail/160281100001
475,https://pta.trunojoyo.ac.id/c_search/byprod/36/1,https://pta.trunojoyo.ac.id/welcome/detail/160281100006
476,https://pta.trunojoyo.ac.id/c_search/byprod/36/2,https://pta.trunojoyo.ac.id/welcome/detail/160281100012
477,https://pta.trunojoyo.ac.id/c_search/byprod/36/2,https://pta.trunojoyo.ac.id/welcome/detail/160281100013
478,https://pta.trunojoyo.ac.id/c_search/byprod/36/2,https://pta.trunojoyo.ac.id/welcome/detail/160281100002
479,https://pta.trunojoyo.ac.id/c_search/byprod/37/1,https://pta.trunojoyo.ac.id/welcome/detail/170361100010
480,https://pta.trunojoyo.ac.id/c_search/byprod/37/1,https://pta.trunojoyo.ac.id/welcome/detail/170361100001
481,https://pta.trunojoyo.ac.id/c_search/byprod/37/1,https://pta.trunojoyo.ac.id/welcome/detail/170361100003
