teks,link
,index.html
14677Journal,#
Beranda,https://pta.trunojoyo.ac.id/
Pencarian,https://pta.trunojoyo.ac.id/c_search/
Download,https://pta.trunojoyo.ac.id/c_template/
Petunjuk Upload,https://library.trunojoyo.ac.id/detil.php?id=23
Kontak,https://pta.trunojoyo.ac.id/c_contact/
STRATEGI PENGEMBANGAN MAKANAN DAN MINUMAN KHAS PULAU GILIGENTING GUNA MENDUKUNG PARIWISATA BERKELANJUTAN,#
Selengkapnya,https://pta.trunojoyo.ac.id/welcome/detail/170361100003
PERUMUSAN SANKSI PIDANA BAGI MASYARAKAT SEKITAR HUTAN YANG MELAKUKAN PENCURIAN KAYU MILIK NEGARA DALAM UNDANG-UNDANG NOMOR 18 TAHUN 2013,#
Selengkapnya,https://pta.trunojoyo.ac.id/welcome/detail/170111100053
"Peran Teor Motivasi Herzberg Sebagai Mediator Self Efficacy, Lingkungan Kerja Dalam Meningkatkan Prestasi Kerja Pegawai ( Kantor Jasa Penilai Publik Guntur Eki Andri dan Rekan Kota Surabaya )",#
Selengkapnya,https://pta.trunojoyo.ac.id/welcome/detail/160211100116
2,https://pta.trunojoyo.ac.id/welcome/index/2
3,https://pta.trunojoyo.ac.id/welcome/index/3
>,https://pta.trunojoyo.ac.id/welcome/index/2
Â»,https://pta.trunojoyo.ac.id/welcome/index/4893
Hukum,https://pta.trunojoyo.ac.id/c_search/byfac/1
Ilmu Hukum,https://pta.trunojoyo.ac.id/c_search/byprod/1
Magister Ilmu Hukum,https://pta.trunojoyo.ac.id/c_search/byprod/24
Pertanian,https://pta.trunojoyo.ac.id/c_search/byfac/2
Teknologi Industri Pertanian,https://pta.trunojoyo.ac.id/c_search/byprod/2
Agribisnis,https://pta.trunojoyo.ac.id/c_search/byprod/3
Agroteknologi,https://pta.trunojoyo.ac.id/c_search/byprod/4
Ilmu Kelautan,https://pta.trunojoyo.ac.id/c_search/byprod/5
Manajemen Sumberdaya Perairan,https://pta.trunojoyo.ac.id/c_search/byprod/35
Magister Pengelolaan Sumber Daya Alam,https://pta.trunojoyo.ac.id/c_search/byprod/37
Ekonomi Dan Bisnis,https://pta.trunojoyo.ac.id/c_search/byfac/3
Ekonomi Pembangunan,https://pta.trunojoyo.ac.id/c_search/byprod/6
Manajemen,https://pta.trunojoyo.ac.id/c_search/byprod/7
Akuntansi,https://pta.trunojoyo.ac.id/c_search/byprod/8
D3 Akuntansi,https://pta.trunojoyo.ac.id/c_search/byprod/21
Magister Manajemen,https://pta.trunojoyo.ac.id/c_search/byprod/22
Magister Akuntansi,https://pta.trunojoyo.ac.id/c_search/byprod/25
D3 Enterpreneurship,https://pta.trunojoyo.ac.id/c_search/byprod/26
Magister Ilmu Ekonomi,https://pta.trunojoyo.ac.id/c_search/byprod/36
Doktor Ilmu Manajemen,https://pta.trunojoyo.ac.id/c_search/byprod/41
Teknik,https://pta.trunojoyo.ac.id/c_search/byfac/4
Teknik Industri,https://pta.trunojoyo.ac.id/c_search/byprod/9
Teknik Informatika,https://pta.trunojoyo.ac.id/c_search/byprod/10
Manajemen Informatika,https://pta.trunojoyo.ac.id/c_search/byprod/11
Teknik Multimedia Dan Jaringan,https://pta.trunojoyo.ac.id/c_search/byprod/19
Mekatronika,https://pta.trunojoyo.ac.id/c_search/byprod/20
Teknik Elektro,https://pta.trunojoyo.ac.id/c_search/byprod/23
Sistem Informasi,https://pta.trunojoyo.ac.id/c_search/byprod/31
Teknik Mesin,https://pta.trunojoyo.ac.id/c_search/byprod/32
Teknik Mekatronika,https://pta.trunojoyo.ac.id/c_search/byprod/33
Ilmu Sosial Dan Ilmu Budaya,https://pta.trunojoyo.ac.id/c_search/byfac/5
Sosiologi,https://pta.trunojoyo.ac.id/c_search/byprod/12
Ilmu Komunikasi,https://pta.trunojoyo.ac.id/c_search/byprod/13
Psikologi,https://pta.trunojoyo.ac.id/c_search/byprod/14
Sastra Inggris,https://pta.trunojoyo.ac.id/c_search/byprod/15
Keislaman,https://pta.trunojoyo.ac.id/c_search/byfac/6
Ekonomi Syariah,https://pta.trunojoyo.ac.id/c_search/byprod/16
Hukum Bisnis Syariah,https://pta.trunojoyo.ac.id/c_search/byprod/17
Ilmu Pendidikan,https://pta.trunojoyo.ac.id/c_search/byfac/7
Pgsd,https://pta.trunojoyo.ac.id/c_search/byprod/18
Pendidikan Bhs Dan Sastra Indonesia,https://pta.trunojoyo.ac.id/c_search/byprod/27
Pendidikan Informatika,https://pta.trunojoyo.ac.id/c_search/byprod/28
Pendidikan Ipa,https://pta.trunojoyo.ac.id/c_search/byprod/29
Pgpaud,https://pta.trunojoyo.ac.id/c_search/byprod/30
Pendidikan Profesi Guru,https://pta.trunojoyo.ac.id/c_search/byprod/38
Mbkm,https://pta.trunojoyo.ac.id/c_search/byfac/99
Mbkm,https://pta.trunojoyo.ac.id/c_search/byprod/99
Pascasarjana,https://pta.trunojoyo.ac.id/c_search/byfac/100
Magister Pendidikan Dasar,https://pta.trunojoyo.ac.id/c_search/byprod/39
Doktor Pengelolaan Sumber Daya Alam,https://pta.trunojoyo.ac.id/c_search/byprod/40
Hukum,https://pta.trunojoyo.ac.id/c_search/byfac/1
Pertanian,https://pta.trunojoyo.ac.id/c_search/byfac/2
Ekonomi Dan Bisnis,https://pta.trunojoyo.ac.id/c_search/byfac/3
Teknik,https://pta.trunojoyo.ac.id/c_search/byfac/4
Ilmu Sosial Dan Ilmu Budaya,https://pta.trunojoyo.ac.id/c_search/byfac/5
Keislaman,https://pta.trunojoyo.ac.id/c_search/byfac/6
Ilmu Pendidikan,https://pta.trunojoyo.ac.id/c_search/byfac/7
Mbkm,https://pta.trunojoyo.ac.id/c_search/byfac/99
Pascasarjana,https://pta.trunojoyo.ac.id/c_search/byfac/100
www.trunojoyo.ac.id,http://trunojoyo.ac.id
http://e-journal.dikti.go.id,http://e-journal.dikti.go.id
,#
,#
,#
,#
,#
,#
,#
